,Socioeconomic Status ID,Socioeconomic Status,Year,Sex ID,Sex,Age Range ID,Age Range,Near Children Support ID,Near Children Support,Population
0,1,Lower Class,2016,1,Male,4,15 to 19 years,1,Imposible get/obtain,158
1,1,Lower Class,2016,1,Male,4,15 to 19 years,2,Hard to get/obtain,6726
2,1,Lower Class,2016,1,Male,4,15 to 19 years,3,Easy to get/obtain,16453
3,1,Lower Class,2016,1,Male,4,15 to 19 years,4,Very easy to get/obtain,610
4,1,Lower Class,2016,1,Male,5,20 to 24 years,1,Imposible get/obtain,2099
5,1,Lower Class,2016,1,Male,5,20 to 24 years,2,Hard to get/obtain,29781
6,1,Lower Class,2016,1,Male,5,20 to 24 years,3,Easy to get/obtain,65820
7,1,Lower Class,2016,1,Male,5,20 to 24 years,4,Very easy to get/obtain,2923
8,1,Lower Class,2016,1,Male,5,20 to 24 years,5,No hard or easy get/obtain (spontaneous),1006
9,1,Lower Class,2016,1,Male,6,25 to 29 years,1,Imposible get/obtain,5738
10,1,Lower Class,2016,1,Male,6,25 to 29 years,2,Hard to get/obtain,47545
11,1,Lower Class,2016,1,Male,6,25 to 29 years,3,Easy to get/obtain,83804
12,1,Lower Class,2016,1,Male,6,25 to 29 years,4,Very easy to get/obtain,3121
13,1,Lower Class,2016,1,Male,6,25 to 29 years,5,No hard or easy get/obtain (spontaneous),1586
14,1,Lower Class,2016,1,Male,7,30 to 34 years,1,Imposible get/obtain,6182
15,1,Lower Class,2016,1,Male,7,30 to 34 years,2,Hard to get/obtain,56851
16,1,Lower Class,2016,1,Male,7,30 to 34 years,3,Easy to get/obtain,91956
17,1,Lower Class,2016,1,Male,7,30 to 34 years,4,Very easy to get/obtain,3335
18,1,Lower Class,2016,1,Male,7,30 to 34 years,5,No hard or easy get/obtain (spontaneous),1769
19,1,Lower Class,2016,1,Male,8,35 to 39 years,1,Imposible get/obtain,9535
20,1,Lower Class,2016,1,Male,8,35 to 39 years,2,Hard to get/obtain,60515
21,1,Lower Class,2016,1,Male,8,35 to 39 years,3,Easy to get/obtain,83980
22,1,Lower Class,2016,1,Male,8,35 to 39 years,4,Very easy to get/obtain,1879
23,1,Lower Class,2016,1,Male,8,35 to 39 years,5,No hard or easy get/obtain (spontaneous),1123
24,1,Lower Class,2016,1,Male,9,40 to 44 years,1,Imposible get/obtain,7813
25,1,Lower Class,2016,1,Male,9,40 to 44 years,2,Hard to get/obtain,50385
26,1,Lower Class,2016,1,Male,9,40 to 44 years,3,Easy to get/obtain,62970
27,1,Lower Class,2016,1,Male,9,40 to 44 years,4,Very easy to get/obtain,1140
28,1,Lower Class,2016,1,Male,9,40 to 44 years,5,No hard or easy get/obtain (spontaneous),1127
29,1,Lower Class,2016,1,Male,10,45 to 49 years,1,Imposible get/obtain,2473
30,1,Lower Class,2016,1,Male,10,45 to 49 years,2,Hard to get/obtain,31986
31,1,Lower Class,2016,1,Male,10,45 to 49 years,3,Easy to get/obtain,35330
32,1,Lower Class,2016,1,Male,10,45 to 49 years,4,Very easy to get/obtain,623
33,1,Lower Class,2016,1,Male,10,45 to 49 years,5,No hard or easy get/obtain (spontaneous),2783
34,1,Lower Class,2016,1,Male,11,50 to 54 years,1,Imposible get/obtain,3496
35,1,Lower Class,2016,1,Male,11,50 to 54 years,2,Hard to get/obtain,17380
36,1,Lower Class,2016,1,Male,11,50 to 54 years,3,Easy to get/obtain,23468
37,1,Lower Class,2016,1,Male,11,50 to 54 years,4,Very easy to get/obtain,1007
38,1,Lower Class,2016,1,Male,11,50 to 54 years,5,No hard or easy get/obtain (spontaneous),344
39,1,Lower Class,2016,1,Male,12,55 to 59 years,1,Imposible get/obtain,1018
40,1,Lower Class,2016,1,Male,12,55 to 59 years,2,Hard to get/obtain,12019
41,1,Lower Class,2016,1,Male,12,55 to 59 years,3,Easy to get/obtain,12370
42,1,Lower Class,2016,1,Male,12,55 to 59 years,4,Very easy to get/obtain,750
43,1,Lower Class,2016,1,Male,12,55 to 59 years,5,No hard or easy get/obtain (spontaneous),568
44,1,Lower Class,2016,1,Male,13,60 to 64 years,1,Imposible get/obtain,1784
45,1,Lower Class,2016,1,Male,13,60 to 64 years,2,Hard to get/obtain,7535
46,1,Lower Class,2016,1,Male,13,60 to 64 years,3,Easy to get/obtain,9878
47,1,Lower Class,2016,1,Male,13,60 to 64 years,4,Very easy to get/obtain,739
48,1,Lower Class,2016,1,Male,13,60 to 64 years,5,No hard or easy get/obtain (spontaneous),1457
49,1,Lower Class,2016,1,Male,14,65 to 69 years,1,Imposible get/obtain,949
50,1,Lower Class,2016,1,Male,14,65 to 69 years,2,Hard to get/obtain,8641
51,1,Lower Class,2016,1,Male,14,65 to 69 years,3,Easy to get/obtain,8166
52,1,Lower Class,2016,1,Male,14,65 to 69 years,4,Very easy to get/obtain,39
53,1,Lower Class,2016,1,Male,15,70 to 74 years,1,Imposible get/obtain,426
54,1,Lower Class,2016,1,Male,15,70 to 74 years,2,Hard to get/obtain,4283
55,1,Lower Class,2016,1,Male,15,70 to 74 years,3,Easy to get/obtain,1839
56,1,Lower Class,2016,1,Male,15,70 to 74 years,4,Very easy to get/obtain,83
57,1,Lower Class,2016,1,Male,15,70 to 74 years,5,No hard or easy get/obtain (spontaneous),511
58,1,Lower Class,2016,1,Male,16,75 to 79 years,1,Imposible get/obtain,294
59,1,Lower Class,2016,1,Male,16,75 to 79 years,2,Hard to get/obtain,2964
60,1,Lower Class,2016,1,Male,16,75 to 79 years,3,Easy to get/obtain,537
61,1,Lower Class,2016,1,Male,16,75 to 79 years,5,No hard or easy get/obtain (spontaneous),314
62,1,Lower Class,2016,1,Male,17,80 or more years,1,Imposible get/obtain,595
63,1,Lower Class,2016,1,Male,17,80 or more years,2,Hard to get/obtain,2828
64,1,Lower Class,2016,1,Male,17,80 or more years,3,Easy to get/obtain,1327
65,1,Lower Class,2016,2,Female,4,15 to 19 years,1,Imposible get/obtain,345
66,1,Lower Class,2016,2,Female,4,15 to 19 years,2,Hard to get/obtain,6466
67,1,Lower Class,2016,2,Female,4,15 to 19 years,3,Easy to get/obtain,6751
68,1,Lower Class,2016,2,Female,4,15 to 19 years,4,Very easy to get/obtain,682
69,1,Lower Class,2016,2,Female,5,20 to 24 years,1,Imposible get/obtain,4175
70,1,Lower Class,2016,2,Female,5,20 to 24 years,2,Hard to get/obtain,17076
71,1,Lower Class,2016,2,Female,5,20 to 24 years,3,Easy to get/obtain,34798
72,1,Lower Class,2016,2,Female,5,20 to 24 years,4,Very easy to get/obtain,1667
73,1,Lower Class,2016,2,Female,5,20 to 24 years,5,No hard or easy get/obtain (spontaneous),665
74,1,Lower Class,2016,2,Female,6,25 to 29 years,1,Imposible get/obtain,4834
75,1,Lower Class,2016,2,Female,6,25 to 29 years,2,Hard to get/obtain,44187
76,1,Lower Class,2016,2,Female,6,25 to 29 years,3,Easy to get/obtain,59359
77,1,Lower Class,2016,2,Female,6,25 to 29 years,4,Very easy to get/obtain,3982
78,1,Lower Class,2016,2,Female,6,25 to 29 years,5,No hard or easy get/obtain (spontaneous),762
79,1,Lower Class,2016,2,Female,7,30 to 34 years,1,Imposible get/obtain,2890
80,1,Lower Class,2016,2,Female,7,30 to 34 years,2,Hard to get/obtain,48769
81,1,Lower Class,2016,2,Female,7,30 to 34 years,3,Easy to get/obtain,51404
82,1,Lower Class,2016,2,Female,7,30 to 34 years,4,Very easy to get/obtain,5213
83,1,Lower Class,2016,2,Female,7,30 to 34 years,5,No hard or easy get/obtain (spontaneous),275
84,1,Lower Class,2016,2,Female,8,35 to 39 years,1,Imposible get/obtain,4468
85,1,Lower Class,2016,2,Female,8,35 to 39 years,2,Hard to get/obtain,43906
86,1,Lower Class,2016,2,Female,8,35 to 39 years,3,Easy to get/obtain,44865
87,1,Lower Class,2016,2,Female,8,35 to 39 years,4,Very easy to get/obtain,1058
88,1,Lower Class,2016,2,Female,8,35 to 39 years,5,No hard or easy get/obtain (spontaneous),857
89,1,Lower Class,2016,2,Female,9,40 to 44 years,1,Imposible get/obtain,2146
90,1,Lower Class,2016,2,Female,9,40 to 44 years,2,Hard to get/obtain,15564
91,1,Lower Class,2016,2,Female,9,40 to 44 years,3,Easy to get/obtain,22291
92,1,Lower Class,2016,2,Female,9,40 to 44 years,4,Very easy to get/obtain,1388
93,1,Lower Class,2016,2,Female,9,40 to 44 years,5,No hard or easy get/obtain (spontaneous),21
94,1,Lower Class,2016,2,Female,10,45 to 49 years,1,Imposible get/obtain,382
95,1,Lower Class,2016,2,Female,10,45 to 49 years,2,Hard to get/obtain,12667
96,1,Lower Class,2016,2,Female,10,45 to 49 years,3,Easy to get/obtain,15429
97,1,Lower Class,2016,2,Female,10,45 to 49 years,4,Very easy to get/obtain,280
98,1,Lower Class,2016,2,Female,10,45 to 49 years,5,No hard or easy get/obtain (spontaneous),1291
99,1,Lower Class,2016,2,Female,11,50 to 54 years,1,Imposible get/obtain,765
100,1,Lower Class,2016,2,Female,11,50 to 54 years,2,Hard to get/obtain,11720
101,1,Lower Class,2016,2,Female,11,50 to 54 years,3,Easy to get/obtain,8115
102,1,Lower Class,2016,2,Female,11,50 to 54 years,4,Very easy to get/obtain,397
103,1,Lower Class,2016,2,Female,11,50 to 54 years,5,No hard or easy get/obtain (spontaneous),1082
104,1,Lower Class,2016,2,Female,12,55 to 59 years,1,Imposible get/obtain,775
105,1,Lower Class,2016,2,Female,12,55 to 59 years,2,Hard to get/obtain,5339
106,1,Lower Class,2016,2,Female,12,55 to 59 years,3,Easy to get/obtain,2940
107,1,Lower Class,2016,2,Female,12,55 to 59 years,4,Very easy to get/obtain,169
108,1,Lower Class,2016,2,Female,13,60 to 64 years,1,Imposible get/obtain,41
109,1,Lower Class,2016,2,Female,13,60 to 64 years,2,Hard to get/obtain,1463
110,1,Lower Class,2016,2,Female,13,60 to 64 years,3,Easy to get/obtain,977
111,1,Lower Class,2016,2,Female,14,65 to 69 years,2,Hard to get/obtain,157
112,1,Lower Class,2016,2,Female,14,65 to 69 years,3,Easy to get/obtain,875
113,1,Lower Class,2016,2,Female,14,65 to 69 years,4,Very easy to get/obtain,150
114,1,Lower Class,2016,2,Female,15,70 to 74 years,2,Hard to get/obtain,1058
115,1,Lower Class,2016,2,Female,15,70 to 74 years,3,Easy to get/obtain,1549
116,1,Lower Class,2016,2,Female,16,75 to 79 years,2,Hard to get/obtain,50
117,1,Lower Class,2016,2,Female,16,75 to 79 years,3,Easy to get/obtain,58
118,1,Lower Class,2018,1,Male,4,15 to 19 years,1,Imposible get/obtain,628
119,1,Lower Class,2018,1,Male,4,15 to 19 years,2,Hard to get/obtain,9060
120,1,Lower Class,2018,1,Male,4,15 to 19 years,3,Easy to get/obtain,15715
121,1,Lower Class,2018,1,Male,4,15 to 19 years,4,Very easy to get/obtain,968
122,1,Lower Class,2018,1,Male,4,15 to 19 years,5,No hard or easy get/obtain (spontaneous),1287
123,1,Lower Class,2018,1,Male,5,20 to 24 years,1,Imposible get/obtain,4478
124,1,Lower Class,2018,1,Male,5,20 to 24 years,2,Hard to get/obtain,34027
125,1,Lower Class,2018,1,Male,5,20 to 24 years,3,Easy to get/obtain,70673
126,1,Lower Class,2018,1,Male,5,20 to 24 years,4,Very easy to get/obtain,5118
127,1,Lower Class,2018,1,Male,5,20 to 24 years,5,No hard or easy get/obtain (spontaneous),2678
128,1,Lower Class,2018,1,Male,6,25 to 29 years,1,Imposible get/obtain,2389
129,1,Lower Class,2018,1,Male,6,25 to 29 years,2,Hard to get/obtain,45570
130,1,Lower Class,2018,1,Male,6,25 to 29 years,3,Easy to get/obtain,98185
131,1,Lower Class,2018,1,Male,6,25 to 29 years,4,Very easy to get/obtain,3521
132,1,Lower Class,2018,1,Male,6,25 to 29 years,5,No hard or easy get/obtain (spontaneous),3483
133,1,Lower Class,2018,1,Male,7,30 to 34 years,1,Imposible get/obtain,7669
134,1,Lower Class,2018,1,Male,7,30 to 34 years,2,Hard to get/obtain,62564
135,1,Lower Class,2018,1,Male,7,30 to 34 years,3,Easy to get/obtain,104331
136,1,Lower Class,2018,1,Male,7,30 to 34 years,4,Very easy to get/obtain,2365
137,1,Lower Class,2018,1,Male,7,30 to 34 years,5,No hard or easy get/obtain (spontaneous),2279
138,1,Lower Class,2018,1,Male,8,35 to 39 years,1,Imposible get/obtain,5546
139,1,Lower Class,2018,1,Male,8,35 to 39 years,2,Hard to get/obtain,58692
140,1,Lower Class,2018,1,Male,8,35 to 39 years,3,Easy to get/obtain,91228
141,1,Lower Class,2018,1,Male,8,35 to 39 years,4,Very easy to get/obtain,3546
142,1,Lower Class,2018,1,Male,8,35 to 39 years,5,No hard or easy get/obtain (spontaneous),4624
143,1,Lower Class,2018,1,Male,9,40 to 44 years,1,Imposible get/obtain,6450
144,1,Lower Class,2018,1,Male,9,40 to 44 years,2,Hard to get/obtain,46904
145,1,Lower Class,2018,1,Male,9,40 to 44 years,3,Easy to get/obtain,80919
146,1,Lower Class,2018,1,Male,9,40 to 44 years,4,Very easy to get/obtain,1314
147,1,Lower Class,2018,1,Male,9,40 to 44 years,5,No hard or easy get/obtain (spontaneous),1291
148,1,Lower Class,2018,1,Male,10,45 to 49 years,1,Imposible get/obtain,2192
149,1,Lower Class,2018,1,Male,10,45 to 49 years,2,Hard to get/obtain,37450
150,1,Lower Class,2018,1,Male,10,45 to 49 years,3,Easy to get/obtain,46250
151,1,Lower Class,2018,1,Male,10,45 to 49 years,4,Very easy to get/obtain,1727
152,1,Lower Class,2018,1,Male,10,45 to 49 years,5,No hard or easy get/obtain (spontaneous),1562
153,1,Lower Class,2018,1,Male,11,50 to 54 years,1,Imposible get/obtain,4060
154,1,Lower Class,2018,1,Male,11,50 to 54 years,2,Hard to get/obtain,23515
155,1,Lower Class,2018,1,Male,11,50 to 54 years,3,Easy to get/obtain,30582
156,1,Lower Class,2018,1,Male,11,50 to 54 years,4,Very easy to get/obtain,1508
157,1,Lower Class,2018,1,Male,11,50 to 54 years,5,No hard or easy get/obtain (spontaneous),1858
158,1,Lower Class,2018,1,Male,12,55 to 59 years,1,Imposible get/obtain,2515
159,1,Lower Class,2018,1,Male,12,55 to 59 years,2,Hard to get/obtain,20797
160,1,Lower Class,2018,1,Male,12,55 to 59 years,3,Easy to get/obtain,26693
161,1,Lower Class,2018,1,Male,12,55 to 59 years,4,Very easy to get/obtain,370
162,1,Lower Class,2018,1,Male,12,55 to 59 years,5,No hard or easy get/obtain (spontaneous),1108
163,1,Lower Class,2018,1,Male,13,60 to 64 years,1,Imposible get/obtain,235
164,1,Lower Class,2018,1,Male,13,60 to 64 years,2,Hard to get/obtain,17132
165,1,Lower Class,2018,1,Male,13,60 to 64 years,3,Easy to get/obtain,17298
166,1,Lower Class,2018,1,Male,13,60 to 64 years,4,Very easy to get/obtain,155
167,1,Lower Class,2018,1,Male,13,60 to 64 years,5,No hard or easy get/obtain (spontaneous),157
168,1,Lower Class,2018,1,Male,14,65 to 69 years,1,Imposible get/obtain,994
169,1,Lower Class,2018,1,Male,14,65 to 69 years,2,Hard to get/obtain,12092
170,1,Lower Class,2018,1,Male,14,65 to 69 years,3,Easy to get/obtain,6170
171,1,Lower Class,2018,1,Male,14,65 to 69 years,5,No hard or easy get/obtain (spontaneous),153
172,1,Lower Class,2018,1,Male,15,70 to 74 years,2,Hard to get/obtain,932
173,1,Lower Class,2018,1,Male,15,70 to 74 years,3,Easy to get/obtain,5673
174,1,Lower Class,2018,1,Male,16,75 to 79 years,1,Imposible get/obtain,257
175,1,Lower Class,2018,1,Male,16,75 to 79 years,2,Hard to get/obtain,1317
176,1,Lower Class,2018,1,Male,16,75 to 79 years,3,Easy to get/obtain,4377
177,1,Lower Class,2018,1,Male,16,75 to 79 years,4,Very easy to get/obtain,59
178,1,Lower Class,2018,1,Male,16,75 to 79 years,5,No hard or easy get/obtain (spontaneous),639
179,1,Lower Class,2018,1,Male,17,80 or more years,1,Imposible get/obtain,232
180,1,Lower Class,2018,1,Male,17,80 or more years,2,Hard to get/obtain,1659
181,1,Lower Class,2018,1,Male,17,80 or more years,3,Easy to get/obtain,1035
182,1,Lower Class,2018,1,Male,17,80 or more years,5,No hard or easy get/obtain (spontaneous),40
183,1,Lower Class,2018,2,Female,4,15 to 19 years,1,Imposible get/obtain,98
184,1,Lower Class,2018,2,Female,4,15 to 19 years,2,Hard to get/obtain,4702
185,1,Lower Class,2018,2,Female,4,15 to 19 years,3,Easy to get/obtain,11095
186,1,Lower Class,2018,2,Female,4,15 to 19 years,4,Very easy to get/obtain,562
187,1,Lower Class,2018,2,Female,4,15 to 19 years,5,No hard or easy get/obtain (spontaneous),1735
188,1,Lower Class,2018,2,Female,5,20 to 24 years,1,Imposible get/obtain,4445
189,1,Lower Class,2018,2,Female,5,20 to 24 years,2,Hard to get/obtain,26309
190,1,Lower Class,2018,2,Female,5,20 to 24 years,3,Easy to get/obtain,50540
191,1,Lower Class,2018,2,Female,5,20 to 24 years,4,Very easy to get/obtain,1666
192,1,Lower Class,2018,2,Female,5,20 to 24 years,5,No hard or easy get/obtain (spontaneous),4159
193,1,Lower Class,2018,2,Female,6,25 to 29 years,1,Imposible get/obtain,3797
194,1,Lower Class,2018,2,Female,6,25 to 29 years,2,Hard to get/obtain,42132
195,1,Lower Class,2018,2,Female,6,25 to 29 years,3,Easy to get/obtain,69921
196,1,Lower Class,2018,2,Female,6,25 to 29 years,4,Very easy to get/obtain,2568
197,1,Lower Class,2018,2,Female,6,25 to 29 years,5,No hard or easy get/obtain (spontaneous),5938
198,1,Lower Class,2018,2,Female,7,30 to 34 years,1,Imposible get/obtain,5579
199,1,Lower Class,2018,2,Female,7,30 to 34 years,2,Hard to get/obtain,41368
200,1,Lower Class,2018,2,Female,7,30 to 34 years,3,Easy to get/obtain,53105
201,1,Lower Class,2018,2,Female,7,30 to 34 years,4,Very easy to get/obtain,2426
202,1,Lower Class,2018,2,Female,7,30 to 34 years,5,No hard or easy get/obtain (spontaneous),4391
203,1,Lower Class,2018,2,Female,8,35 to 39 years,1,Imposible get/obtain,5042
204,1,Lower Class,2018,2,Female,8,35 to 39 years,2,Hard to get/obtain,36160
205,1,Lower Class,2018,2,Female,8,35 to 39 years,3,Easy to get/obtain,46487
206,1,Lower Class,2018,2,Female,8,35 to 39 years,4,Very easy to get/obtain,1800
207,1,Lower Class,2018,2,Female,8,35 to 39 years,5,No hard or easy get/obtain (spontaneous),3534
208,1,Lower Class,2018,2,Female,9,40 to 44 years,1,Imposible get/obtain,4441
209,1,Lower Class,2018,2,Female,9,40 to 44 years,2,Hard to get/obtain,22482
210,1,Lower Class,2018,2,Female,9,40 to 44 years,3,Easy to get/obtain,24932
211,1,Lower Class,2018,2,Female,9,40 to 44 years,4,Very easy to get/obtain,419
212,1,Lower Class,2018,2,Female,9,40 to 44 years,5,No hard or easy get/obtain (spontaneous),1104
213,1,Lower Class,2018,2,Female,10,45 to 49 years,1,Imposible get/obtain,1993
214,1,Lower Class,2018,2,Female,10,45 to 49 years,2,Hard to get/obtain,9521
215,1,Lower Class,2018,2,Female,10,45 to 49 years,3,Easy to get/obtain,10339
216,1,Lower Class,2018,2,Female,10,45 to 49 years,4,Very easy to get/obtain,742
217,1,Lower Class,2018,2,Female,10,45 to 49 years,5,No hard or easy get/obtain (spontaneous),222
218,1,Lower Class,2018,2,Female,11,50 to 54 years,1,Imposible get/obtain,892
219,1,Lower Class,2018,2,Female,11,50 to 54 years,2,Hard to get/obtain,4768
220,1,Lower Class,2018,2,Female,11,50 to 54 years,3,Easy to get/obtain,8532
221,1,Lower Class,2018,2,Female,11,50 to 54 years,5,No hard or easy get/obtain (spontaneous),105
222,1,Lower Class,2018,2,Female,12,55 to 59 years,1,Imposible get/obtain,1411
223,1,Lower Class,2018,2,Female,12,55 to 59 years,2,Hard to get/obtain,4035
224,1,Lower Class,2018,2,Female,12,55 to 59 years,3,Easy to get/obtain,3919
225,1,Lower Class,2018,2,Female,12,55 to 59 years,4,Very easy to get/obtain,316
226,1,Lower Class,2018,2,Female,13,60 to 64 years,2,Hard to get/obtain,2174
227,1,Lower Class,2018,2,Female,13,60 to 64 years,3,Easy to get/obtain,2902
228,1,Lower Class,2018,2,Female,13,60 to 64 years,5,No hard or easy get/obtain (spontaneous),471
229,1,Lower Class,2018,2,Female,14,65 to 69 years,2,Hard to get/obtain,2577
230,1,Lower Class,2018,2,Female,14,65 to 69 years,3,Easy to get/obtain,1130
231,1,Lower Class,2018,2,Female,14,65 to 69 years,5,No hard or easy get/obtain (spontaneous),1037
232,1,Lower Class,2018,2,Female,15,70 to 74 years,1,Imposible get/obtain,416
233,1,Lower Class,2018,2,Female,15,70 to 74 years,3,Easy to get/obtain,1255
234,1,Lower Class,2018,2,Female,15,70 to 74 years,4,Very easy to get/obtain,421
235,1,Lower Class,2018,2,Female,16,75 to 79 years,2,Hard to get/obtain,84
236,2,Lower Middle Class,2016,1,Male,4,15 to 19 years,1,Imposible get/obtain,2829
237,2,Lower Middle Class,2016,1,Male,4,15 to 19 years,2,Hard to get/obtain,42786
238,2,Lower Middle Class,2016,1,Male,4,15 to 19 years,3,Easy to get/obtain,71748
239,2,Lower Middle Class,2016,1,Male,4,15 to 19 years,4,Very easy to get/obtain,4592
240,2,Lower Middle Class,2016,1,Male,4,15 to 19 years,5,No hard or easy get/obtain (spontaneous),619
241,2,Lower Middle Class,2016,1,Male,5,20 to 24 years,1,Imposible get/obtain,17340
242,2,Lower Middle Class,2016,1,Male,5,20 to 24 years,2,Hard to get/obtain,178862
243,2,Lower Middle Class,2016,1,Male,5,20 to 24 years,3,Easy to get/obtain,275305
244,2,Lower Middle Class,2016,1,Male,5,20 to 24 years,4,Very easy to get/obtain,19966
245,2,Lower Middle Class,2016,1,Male,5,20 to 24 years,5,No hard or easy get/obtain (spontaneous),5965
246,2,Lower Middle Class,2016,1,Male,6,25 to 29 years,1,Imposible get/obtain,17797
247,2,Lower Middle Class,2016,1,Male,6,25 to 29 years,2,Hard to get/obtain,204280
248,2,Lower Middle Class,2016,1,Male,6,25 to 29 years,3,Easy to get/obtain,349268
249,2,Lower Middle Class,2016,1,Male,6,25 to 29 years,4,Very easy to get/obtain,23177
250,2,Lower Middle Class,2016,1,Male,6,25 to 29 years,5,No hard or easy get/obtain (spontaneous),10345
251,2,Lower Middle Class,2016,1,Male,7,30 to 34 years,1,Imposible get/obtain,40545
252,2,Lower Middle Class,2016,1,Male,7,30 to 34 years,2,Hard to get/obtain,299428
253,2,Lower Middle Class,2016,1,Male,7,30 to 34 years,3,Easy to get/obtain,423055
254,2,Lower Middle Class,2016,1,Male,7,30 to 34 years,4,Very easy to get/obtain,23652
255,2,Lower Middle Class,2016,1,Male,7,30 to 34 years,5,No hard or easy get/obtain (spontaneous),16885
256,2,Lower Middle Class,2016,1,Male,8,35 to 39 years,1,Imposible get/obtain,37079
257,2,Lower Middle Class,2016,1,Male,8,35 to 39 years,2,Hard to get/obtain,279433
258,2,Lower Middle Class,2016,1,Male,8,35 to 39 years,3,Easy to get/obtain,397506
259,2,Lower Middle Class,2016,1,Male,8,35 to 39 years,4,Very easy to get/obtain,26774
260,2,Lower Middle Class,2016,1,Male,8,35 to 39 years,5,No hard or easy get/obtain (spontaneous),11513
261,2,Lower Middle Class,2016,1,Male,9,40 to 44 years,1,Imposible get/obtain,27586
262,2,Lower Middle Class,2016,1,Male,9,40 to 44 years,2,Hard to get/obtain,204961
263,2,Lower Middle Class,2016,1,Male,9,40 to 44 years,3,Easy to get/obtain,318004
264,2,Lower Middle Class,2016,1,Male,9,40 to 44 years,4,Very easy to get/obtain,21449
265,2,Lower Middle Class,2016,1,Male,9,40 to 44 years,5,No hard or easy get/obtain (spontaneous),7179
266,2,Lower Middle Class,2016,1,Male,10,45 to 49 years,1,Imposible get/obtain,13601
267,2,Lower Middle Class,2016,1,Male,10,45 to 49 years,2,Hard to get/obtain,176671
268,2,Lower Middle Class,2016,1,Male,10,45 to 49 years,3,Easy to get/obtain,192561
269,2,Lower Middle Class,2016,1,Male,10,45 to 49 years,4,Very easy to get/obtain,7053
270,2,Lower Middle Class,2016,1,Male,10,45 to 49 years,5,No hard or easy get/obtain (spontaneous),4303
271,2,Lower Middle Class,2016,1,Male,11,50 to 54 years,1,Imposible get/obtain,8564
272,2,Lower Middle Class,2016,1,Male,11,50 to 54 years,2,Hard to get/obtain,105903
273,2,Lower Middle Class,2016,1,Male,11,50 to 54 years,3,Easy to get/obtain,118595
274,2,Lower Middle Class,2016,1,Male,11,50 to 54 years,4,Very easy to get/obtain,9584
275,2,Lower Middle Class,2016,1,Male,11,50 to 54 years,5,No hard or easy get/obtain (spontaneous),2828
276,2,Lower Middle Class,2016,1,Male,12,55 to 59 years,1,Imposible get/obtain,10872
277,2,Lower Middle Class,2016,1,Male,12,55 to 59 years,2,Hard to get/obtain,84643
278,2,Lower Middle Class,2016,1,Male,12,55 to 59 years,3,Easy to get/obtain,97498
279,2,Lower Middle Class,2016,1,Male,12,55 to 59 years,4,Very easy to get/obtain,4500
280,2,Lower Middle Class,2016,1,Male,12,55 to 59 years,5,No hard or easy get/obtain (spontaneous),2764
281,2,Lower Middle Class,2016,1,Male,13,60 to 64 years,1,Imposible get/obtain,10708
282,2,Lower Middle Class,2016,1,Male,13,60 to 64 years,2,Hard to get/obtain,63080
283,2,Lower Middle Class,2016,1,Male,13,60 to 64 years,3,Easy to get/obtain,81895
284,2,Lower Middle Class,2016,1,Male,13,60 to 64 years,4,Very easy to get/obtain,1800
285,2,Lower Middle Class,2016,1,Male,13,60 to 64 years,5,No hard or easy get/obtain (spontaneous),3396
286,2,Lower Middle Class,2016,1,Male,14,65 to 69 years,1,Imposible get/obtain,3336
287,2,Lower Middle Class,2016,1,Male,14,65 to 69 years,2,Hard to get/obtain,50669
288,2,Lower Middle Class,2016,1,Male,14,65 to 69 years,3,Easy to get/obtain,41661
289,2,Lower Middle Class,2016,1,Male,14,65 to 69 years,4,Very easy to get/obtain,2082
290,2,Lower Middle Class,2016,1,Male,14,65 to 69 years,5,No hard or easy get/obtain (spontaneous),1129
291,2,Lower Middle Class,2016,1,Male,15,70 to 74 years,1,Imposible get/obtain,6866
292,2,Lower Middle Class,2016,1,Male,15,70 to 74 years,2,Hard to get/obtain,25889
293,2,Lower Middle Class,2016,1,Male,15,70 to 74 years,3,Easy to get/obtain,29402
294,2,Lower Middle Class,2016,1,Male,15,70 to 74 years,4,Very easy to get/obtain,1642
295,2,Lower Middle Class,2016,1,Male,15,70 to 74 years,5,No hard or easy get/obtain (spontaneous),3835
296,2,Lower Middle Class,2016,1,Male,16,75 to 79 years,1,Imposible get/obtain,6148
297,2,Lower Middle Class,2016,1,Male,16,75 to 79 years,2,Hard to get/obtain,26273
298,2,Lower Middle Class,2016,1,Male,16,75 to 79 years,3,Easy to get/obtain,9529
299,2,Lower Middle Class,2016,1,Male,16,75 to 79 years,4,Very easy to get/obtain,513
300,2,Lower Middle Class,2016,1,Male,16,75 to 79 years,5,No hard or easy get/obtain (spontaneous),239
301,2,Lower Middle Class,2016,1,Male,17,80 or more years,1,Imposible get/obtain,2073
302,2,Lower Middle Class,2016,1,Male,17,80 or more years,2,Hard to get/obtain,10092
303,2,Lower Middle Class,2016,1,Male,17,80 or more years,3,Easy to get/obtain,11739
304,2,Lower Middle Class,2016,1,Male,17,80 or more years,4,Very easy to get/obtain,128
305,2,Lower Middle Class,2016,1,Male,17,80 or more years,5,No hard or easy get/obtain (spontaneous),1064
306,2,Lower Middle Class,2016,2,Female,4,15 to 19 years,1,Imposible get/obtain,1546
307,2,Lower Middle Class,2016,2,Female,4,15 to 19 years,2,Hard to get/obtain,28593
308,2,Lower Middle Class,2016,2,Female,4,15 to 19 years,3,Easy to get/obtain,47768
309,2,Lower Middle Class,2016,2,Female,4,15 to 19 years,4,Very easy to get/obtain,3974
310,2,Lower Middle Class,2016,2,Female,4,15 to 19 years,5,No hard or easy get/obtain (spontaneous),366
311,2,Lower Middle Class,2016,2,Female,5,20 to 24 years,1,Imposible get/obtain,17175
312,2,Lower Middle Class,2016,2,Female,5,20 to 24 years,2,Hard to get/obtain,159691
313,2,Lower Middle Class,2016,2,Female,5,20 to 24 years,3,Easy to get/obtain,238318
314,2,Lower Middle Class,2016,2,Female,5,20 to 24 years,4,Very easy to get/obtain,25199
315,2,Lower Middle Class,2016,2,Female,5,20 to 24 years,5,No hard or easy get/obtain (spontaneous),4696
316,2,Lower Middle Class,2016,2,Female,6,25 to 29 years,1,Imposible get/obtain,44139
317,2,Lower Middle Class,2016,2,Female,6,25 to 29 years,2,Hard to get/obtain,276088
318,2,Lower Middle Class,2016,2,Female,6,25 to 29 years,3,Easy to get/obtain,371129
319,2,Lower Middle Class,2016,2,Female,6,25 to 29 years,4,Very easy to get/obtain,25438
320,2,Lower Middle Class,2016,2,Female,6,25 to 29 years,5,No hard or easy get/obtain (spontaneous),4718
321,2,Lower Middle Class,2016,2,Female,7,30 to 34 years,1,Imposible get/obtain,51682
322,2,Lower Middle Class,2016,2,Female,7,30 to 34 years,2,Hard to get/obtain,352014
323,2,Lower Middle Class,2016,2,Female,7,30 to 34 years,3,Easy to get/obtain,428464
324,2,Lower Middle Class,2016,2,Female,7,30 to 34 years,4,Very easy to get/obtain,36042
325,2,Lower Middle Class,2016,2,Female,7,30 to 34 years,5,No hard or easy get/obtain (spontaneous),11776
326,2,Lower Middle Class,2016,2,Female,8,35 to 39 years,1,Imposible get/obtain,34480
327,2,Lower Middle Class,2016,2,Female,8,35 to 39 years,2,Hard to get/obtain,299533
328,2,Lower Middle Class,2016,2,Female,8,35 to 39 years,3,Easy to get/obtain,364799
329,2,Lower Middle Class,2016,2,Female,8,35 to 39 years,4,Very easy to get/obtain,25427
330,2,Lower Middle Class,2016,2,Female,8,35 to 39 years,5,No hard or easy get/obtain (spontaneous),7626
331,2,Lower Middle Class,2016,2,Female,9,40 to 44 years,1,Imposible get/obtain,27068
332,2,Lower Middle Class,2016,2,Female,9,40 to 44 years,2,Hard to get/obtain,210804
333,2,Lower Middle Class,2016,2,Female,9,40 to 44 years,3,Easy to get/obtain,255213
334,2,Lower Middle Class,2016,2,Female,9,40 to 44 years,4,Very easy to get/obtain,13388
335,2,Lower Middle Class,2016,2,Female,9,40 to 44 years,5,No hard or easy get/obtain (spontaneous),6832
336,2,Lower Middle Class,2016,2,Female,10,45 to 49 years,1,Imposible get/obtain,15727
337,2,Lower Middle Class,2016,2,Female,10,45 to 49 years,2,Hard to get/obtain,117416
338,2,Lower Middle Class,2016,2,Female,10,45 to 49 years,3,Easy to get/obtain,124625
339,2,Lower Middle Class,2016,2,Female,10,45 to 49 years,4,Very easy to get/obtain,3299
340,2,Lower Middle Class,2016,2,Female,10,45 to 49 years,5,No hard or easy get/obtain (spontaneous),5622
341,2,Lower Middle Class,2016,2,Female,11,50 to 54 years,1,Imposible get/obtain,9721
342,2,Lower Middle Class,2016,2,Female,11,50 to 54 years,2,Hard to get/obtain,83164
343,2,Lower Middle Class,2016,2,Female,11,50 to 54 years,3,Easy to get/obtain,82625
344,2,Lower Middle Class,2016,2,Female,11,50 to 54 years,4,Very easy to get/obtain,4928
345,2,Lower Middle Class,2016,2,Female,11,50 to 54 years,5,No hard or easy get/obtain (spontaneous),3260
346,2,Lower Middle Class,2016,2,Female,12,55 to 59 years,1,Imposible get/obtain,15515
347,2,Lower Middle Class,2016,2,Female,12,55 to 59 years,2,Hard to get/obtain,48636
348,2,Lower Middle Class,2016,2,Female,12,55 to 59 years,3,Easy to get/obtain,58657
349,2,Lower Middle Class,2016,2,Female,12,55 to 59 years,4,Very easy to get/obtain,7510
350,2,Lower Middle Class,2016,2,Female,12,55 to 59 years,5,No hard or easy get/obtain (spontaneous),905
351,2,Lower Middle Class,2016,2,Female,13,60 to 64 years,1,Imposible get/obtain,3912
352,2,Lower Middle Class,2016,2,Female,13,60 to 64 years,2,Hard to get/obtain,35639
353,2,Lower Middle Class,2016,2,Female,13,60 to 64 years,3,Easy to get/obtain,31470
354,2,Lower Middle Class,2016,2,Female,13,60 to 64 years,4,Very easy to get/obtain,4049
355,2,Lower Middle Class,2016,2,Female,13,60 to 64 years,5,No hard or easy get/obtain (spontaneous),1168
356,2,Lower Middle Class,2016,2,Female,14,65 to 69 years,1,Imposible get/obtain,1781
357,2,Lower Middle Class,2016,2,Female,14,65 to 69 years,2,Hard to get/obtain,17808
358,2,Lower Middle Class,2016,2,Female,14,65 to 69 years,3,Easy to get/obtain,15931
359,2,Lower Middle Class,2016,2,Female,14,65 to 69 years,5,No hard or easy get/obtain (spontaneous),259
360,2,Lower Middle Class,2016,2,Female,15,70 to 74 years,1,Imposible get/obtain,277
361,2,Lower Middle Class,2016,2,Female,15,70 to 74 years,2,Hard to get/obtain,15381
362,2,Lower Middle Class,2016,2,Female,15,70 to 74 years,3,Easy to get/obtain,4992
363,2,Lower Middle Class,2016,2,Female,15,70 to 74 years,5,No hard or easy get/obtain (spontaneous),178
364,2,Lower Middle Class,2016,2,Female,16,75 to 79 years,1,Imposible get/obtain,681
365,2,Lower Middle Class,2016,2,Female,16,75 to 79 years,2,Hard to get/obtain,1671
366,2,Lower Middle Class,2016,2,Female,16,75 to 79 years,3,Easy to get/obtain,644
367,2,Lower Middle Class,2016,2,Female,16,75 to 79 years,4,Very easy to get/obtain,388
368,2,Lower Middle Class,2016,2,Female,17,80 or more years,1,Imposible get/obtain,70
369,2,Lower Middle Class,2016,2,Female,17,80 or more years,2,Hard to get/obtain,4060
370,2,Lower Middle Class,2016,2,Female,17,80 or more years,3,Easy to get/obtain,3071
371,2,Lower Middle Class,2018,1,Male,4,15 to 19 years,1,Imposible get/obtain,7434
372,2,Lower Middle Class,2018,1,Male,4,15 to 19 years,2,Hard to get/obtain,36952
373,2,Lower Middle Class,2018,1,Male,4,15 to 19 years,3,Easy to get/obtain,63696
374,2,Lower Middle Class,2018,1,Male,4,15 to 19 years,4,Very easy to get/obtain,3799
375,2,Lower Middle Class,2018,1,Male,4,15 to 19 years,5,No hard or easy get/obtain (spontaneous),2452
376,2,Lower Middle Class,2018,1,Male,5,20 to 24 years,1,Imposible get/obtain,21101
377,2,Lower Middle Class,2018,1,Male,5,20 to 24 years,2,Hard to get/obtain,132394
378,2,Lower Middle Class,2018,1,Male,5,20 to 24 years,3,Easy to get/obtain,276606
379,2,Lower Middle Class,2018,1,Male,5,20 to 24 years,4,Very easy to get/obtain,16949
380,2,Lower Middle Class,2018,1,Male,5,20 to 24 years,5,No hard or easy get/obtain (spontaneous),15402
381,2,Lower Middle Class,2018,1,Male,6,25 to 29 years,1,Imposible get/obtain,30504
382,2,Lower Middle Class,2018,1,Male,6,25 to 29 years,2,Hard to get/obtain,210644
383,2,Lower Middle Class,2018,1,Male,6,25 to 29 years,3,Easy to get/obtain,365607
384,2,Lower Middle Class,2018,1,Male,6,25 to 29 years,4,Very easy to get/obtain,23130
385,2,Lower Middle Class,2018,1,Male,6,25 to 29 years,5,No hard or easy get/obtain (spontaneous),17289
386,2,Lower Middle Class,2018,1,Male,7,30 to 34 years,1,Imposible get/obtain,40690
387,2,Lower Middle Class,2018,1,Male,7,30 to 34 years,2,Hard to get/obtain,258371
388,2,Lower Middle Class,2018,1,Male,7,30 to 34 years,3,Easy to get/obtain,422741
389,2,Lower Middle Class,2018,1,Male,7,30 to 34 years,4,Very easy to get/obtain,29293
390,2,Lower Middle Class,2018,1,Male,7,30 to 34 years,5,No hard or easy get/obtain (spontaneous),14065
391,2,Lower Middle Class,2018,1,Male,8,35 to 39 years,1,Imposible get/obtain,26064
392,2,Lower Middle Class,2018,1,Male,8,35 to 39 years,2,Hard to get/obtain,277344
393,2,Lower Middle Class,2018,1,Male,8,35 to 39 years,3,Easy to get/obtain,407020
394,2,Lower Middle Class,2018,1,Male,8,35 to 39 years,4,Very easy to get/obtain,21572
395,2,Lower Middle Class,2018,1,Male,8,35 to 39 years,5,No hard or easy get/obtain (spontaneous),22044
396,2,Lower Middle Class,2018,1,Male,9,40 to 44 years,1,Imposible get/obtain,26311
397,2,Lower Middle Class,2018,1,Male,9,40 to 44 years,2,Hard to get/obtain,219657
398,2,Lower Middle Class,2018,1,Male,9,40 to 44 years,3,Easy to get/obtain,318354
399,2,Lower Middle Class,2018,1,Male,9,40 to 44 years,4,Very easy to get/obtain,17648
400,2,Lower Middle Class,2018,1,Male,9,40 to 44 years,5,No hard or easy get/obtain (spontaneous),13911
401,2,Lower Middle Class,2018,1,Male,10,45 to 49 years,1,Imposible get/obtain,11273
402,2,Lower Middle Class,2018,1,Male,10,45 to 49 years,2,Hard to get/obtain,168930
403,2,Lower Middle Class,2018,1,Male,10,45 to 49 years,3,Easy to get/obtain,237882
404,2,Lower Middle Class,2018,1,Male,10,45 to 49 years,4,Very easy to get/obtain,13645
405,2,Lower Middle Class,2018,1,Male,10,45 to 49 years,5,No hard or easy get/obtain (spontaneous),7779
406,2,Lower Middle Class,2018,1,Male,11,50 to 54 years,1,Imposible get/obtain,11492
407,2,Lower Middle Class,2018,1,Male,11,50 to 54 years,2,Hard to get/obtain,99338
408,2,Lower Middle Class,2018,1,Male,11,50 to 54 years,3,Easy to get/obtain,128149
409,2,Lower Middle Class,2018,1,Male,11,50 to 54 years,4,Very easy to get/obtain,8585
410,2,Lower Middle Class,2018,1,Male,11,50 to 54 years,5,No hard or easy get/obtain (spontaneous),8379
411,2,Lower Middle Class,2018,1,Male,12,55 to 59 years,1,Imposible get/obtain,18613
412,2,Lower Middle Class,2018,1,Male,12,55 to 59 years,2,Hard to get/obtain,100372
413,2,Lower Middle Class,2018,1,Male,12,55 to 59 years,3,Easy to get/obtain,98507
414,2,Lower Middle Class,2018,1,Male,12,55 to 59 years,4,Very easy to get/obtain,3224
415,2,Lower Middle Class,2018,1,Male,12,55 to 59 years,5,No hard or easy get/obtain (spontaneous),4400
416,2,Lower Middle Class,2018,1,Male,13,60 to 64 years,1,Imposible get/obtain,8185
417,2,Lower Middle Class,2018,1,Male,13,60 to 64 years,2,Hard to get/obtain,64013
418,2,Lower Middle Class,2018,1,Male,13,60 to 64 years,3,Easy to get/obtain,84483
419,2,Lower Middle Class,2018,1,Male,13,60 to 64 years,4,Very easy to get/obtain,3628
420,2,Lower Middle Class,2018,1,Male,13,60 to 64 years,5,No hard or easy get/obtain (spontaneous),3090
421,2,Lower Middle Class,2018,1,Male,14,65 to 69 years,1,Imposible get/obtain,4065
422,2,Lower Middle Class,2018,1,Male,14,65 to 69 years,2,Hard to get/obtain,35657
423,2,Lower Middle Class,2018,1,Male,14,65 to 69 years,3,Easy to get/obtain,49070
424,2,Lower Middle Class,2018,1,Male,14,65 to 69 years,4,Very easy to get/obtain,1380
425,2,Lower Middle Class,2018,1,Male,14,65 to 69 years,5,No hard or easy get/obtain (spontaneous),3855
426,2,Lower Middle Class,2018,1,Male,15,70 to 74 years,1,Imposible get/obtain,4851
427,2,Lower Middle Class,2018,1,Male,15,70 to 74 years,2,Hard to get/obtain,26503
428,2,Lower Middle Class,2018,1,Male,15,70 to 74 years,3,Easy to get/obtain,31900
429,2,Lower Middle Class,2018,1,Male,15,70 to 74 years,4,Very easy to get/obtain,1321
430,2,Lower Middle Class,2018,1,Male,15,70 to 74 years,5,No hard or easy get/obtain (spontaneous),1989
431,2,Lower Middle Class,2018,1,Male,16,75 to 79 years,1,Imposible get/obtain,1195
432,2,Lower Middle Class,2018,1,Male,16,75 to 79 years,2,Hard to get/obtain,16849
433,2,Lower Middle Class,2018,1,Male,16,75 to 79 years,3,Easy to get/obtain,11323
434,2,Lower Middle Class,2018,1,Male,16,75 to 79 years,4,Very easy to get/obtain,341
435,2,Lower Middle Class,2018,1,Male,16,75 to 79 years,5,No hard or easy get/obtain (spontaneous),2659
436,2,Lower Middle Class,2018,1,Male,17,80 or more years,1,Imposible get/obtain,4438
437,2,Lower Middle Class,2018,1,Male,17,80 or more years,2,Hard to get/obtain,12032
438,2,Lower Middle Class,2018,1,Male,17,80 or more years,3,Easy to get/obtain,12882
439,2,Lower Middle Class,2018,1,Male,17,80 or more years,5,No hard or easy get/obtain (spontaneous),784
440,2,Lower Middle Class,2018,2,Female,4,15 to 19 years,1,Imposible get/obtain,5245
441,2,Lower Middle Class,2018,2,Female,4,15 to 19 years,2,Hard to get/obtain,29829
442,2,Lower Middle Class,2018,2,Female,4,15 to 19 years,3,Easy to get/obtain,51377
443,2,Lower Middle Class,2018,2,Female,4,15 to 19 years,4,Very easy to get/obtain,3439
444,2,Lower Middle Class,2018,2,Female,4,15 to 19 years,5,No hard or easy get/obtain (spontaneous),2803
445,2,Lower Middle Class,2018,2,Female,5,20 to 24 years,1,Imposible get/obtain,19301
446,2,Lower Middle Class,2018,2,Female,5,20 to 24 years,2,Hard to get/obtain,161141
447,2,Lower Middle Class,2018,2,Female,5,20 to 24 years,3,Easy to get/obtain,262256
448,2,Lower Middle Class,2018,2,Female,5,20 to 24 years,4,Very easy to get/obtain,22767
449,2,Lower Middle Class,2018,2,Female,5,20 to 24 years,5,No hard or easy get/obtain (spontaneous),13338
450,2,Lower Middle Class,2018,2,Female,6,25 to 29 years,1,Imposible get/obtain,41180
451,2,Lower Middle Class,2018,2,Female,6,25 to 29 years,2,Hard to get/obtain,272136
452,2,Lower Middle Class,2018,2,Female,6,25 to 29 years,3,Easy to get/obtain,383812
453,2,Lower Middle Class,2018,2,Female,6,25 to 29 years,4,Very easy to get/obtain,40868
454,2,Lower Middle Class,2018,2,Female,6,25 to 29 years,5,No hard or easy get/obtain (spontaneous),8985
455,2,Lower Middle Class,2018,2,Female,7,30 to 34 years,1,Imposible get/obtain,41768
456,2,Lower Middle Class,2018,2,Female,7,30 to 34 years,2,Hard to get/obtain,341408
457,2,Lower Middle Class,2018,2,Female,7,30 to 34 years,3,Easy to get/obtain,423568
458,2,Lower Middle Class,2018,2,Female,7,30 to 34 years,4,Very easy to get/obtain,32886
459,2,Lower Middle Class,2018,2,Female,7,30 to 34 years,5,No hard or easy get/obtain (spontaneous),13913
460,2,Lower Middle Class,2018,2,Female,8,35 to 39 years,1,Imposible get/obtain,38309
461,2,Lower Middle Class,2018,2,Female,8,35 to 39 years,2,Hard to get/obtain,287416
462,2,Lower Middle Class,2018,2,Female,8,35 to 39 years,3,Easy to get/obtain,345097
463,2,Lower Middle Class,2018,2,Female,8,35 to 39 years,4,Very easy to get/obtain,28447
464,2,Lower Middle Class,2018,2,Female,8,35 to 39 years,5,No hard or easy get/obtain (spontaneous),11991
465,2,Lower Middle Class,2018,2,Female,9,40 to 44 years,1,Imposible get/obtain,41724
466,2,Lower Middle Class,2018,2,Female,9,40 to 44 years,2,Hard to get/obtain,193907
467,2,Lower Middle Class,2018,2,Female,9,40 to 44 years,3,Easy to get/obtain,262554
468,2,Lower Middle Class,2018,2,Female,9,40 to 44 years,4,Very easy to get/obtain,17988
469,2,Lower Middle Class,2018,2,Female,9,40 to 44 years,5,No hard or easy get/obtain (spontaneous),5109
470,2,Lower Middle Class,2018,2,Female,10,45 to 49 years,1,Imposible get/obtain,16032
471,2,Lower Middle Class,2018,2,Female,10,45 to 49 years,2,Hard to get/obtain,124105
472,2,Lower Middle Class,2018,2,Female,10,45 to 49 years,3,Easy to get/obtain,160421
473,2,Lower Middle Class,2018,2,Female,10,45 to 49 years,4,Very easy to get/obtain,10508
474,2,Lower Middle Class,2018,2,Female,10,45 to 49 years,5,No hard or easy get/obtain (spontaneous),7255
475,2,Lower Middle Class,2018,2,Female,11,50 to 54 years,1,Imposible get/obtain,11623
476,2,Lower Middle Class,2018,2,Female,11,50 to 54 years,2,Hard to get/obtain,81475
477,2,Lower Middle Class,2018,2,Female,11,50 to 54 years,3,Easy to get/obtain,102835
478,2,Lower Middle Class,2018,2,Female,11,50 to 54 years,4,Very easy to get/obtain,4635
479,2,Lower Middle Class,2018,2,Female,11,50 to 54 years,5,No hard or easy get/obtain (spontaneous),2759
480,2,Lower Middle Class,2018,2,Female,12,55 to 59 years,1,Imposible get/obtain,14297
481,2,Lower Middle Class,2018,2,Female,12,55 to 59 years,2,Hard to get/obtain,64988
482,2,Lower Middle Class,2018,2,Female,12,55 to 59 years,3,Easy to get/obtain,67935
483,2,Lower Middle Class,2018,2,Female,12,55 to 59 years,4,Very easy to get/obtain,1561
484,2,Lower Middle Class,2018,2,Female,12,55 to 59 years,5,No hard or easy get/obtain (spontaneous),1500
485,2,Lower Middle Class,2018,2,Female,13,60 to 64 years,1,Imposible get/obtain,5346
486,2,Lower Middle Class,2018,2,Female,13,60 to 64 years,2,Hard to get/obtain,30712
487,2,Lower Middle Class,2018,2,Female,13,60 to 64 years,3,Easy to get/obtain,24579
488,2,Lower Middle Class,2018,2,Female,13,60 to 64 years,4,Very easy to get/obtain,1028
489,2,Lower Middle Class,2018,2,Female,13,60 to 64 years,5,No hard or easy get/obtain (spontaneous),4890
490,2,Lower Middle Class,2018,2,Female,14,65 to 69 years,1,Imposible get/obtain,1158
491,2,Lower Middle Class,2018,2,Female,14,65 to 69 years,2,Hard to get/obtain,20830
492,2,Lower Middle Class,2018,2,Female,14,65 to 69 years,3,Easy to get/obtain,17255
493,2,Lower Middle Class,2018,2,Female,14,65 to 69 years,4,Very easy to get/obtain,376
494,2,Lower Middle Class,2018,2,Female,14,65 to 69 years,5,No hard or easy get/obtain (spontaneous),2023
495,2,Lower Middle Class,2018,2,Female,15,70 to 74 years,1,Imposible get/obtain,110
496,2,Lower Middle Class,2018,2,Female,15,70 to 74 years,2,Hard to get/obtain,7371
497,2,Lower Middle Class,2018,2,Female,15,70 to 74 years,3,Easy to get/obtain,4881
498,2,Lower Middle Class,2018,2,Female,15,70 to 74 years,5,No hard or easy get/obtain (spontaneous),183
499,2,Lower Middle Class,2018,2,Female,16,75 to 79 years,1,Imposible get/obtain,1200
500,2,Lower Middle Class,2018,2,Female,16,75 to 79 years,2,Hard to get/obtain,3733
501,2,Lower Middle Class,2018,2,Female,16,75 to 79 years,3,Easy to get/obtain,2795
502,2,Lower Middle Class,2018,2,Female,16,75 to 79 years,5,No hard or easy get/obtain (spontaneous),73
503,2,Lower Middle Class,2018,2,Female,17,80 or more years,1,Imposible get/obtain,460
504,2,Lower Middle Class,2018,2,Female,17,80 or more years,2,Hard to get/obtain,1621
505,2,Lower Middle Class,2018,2,Female,17,80 or more years,3,Easy to get/obtain,3227
506,3,Upper Middle Class,2016,1,Male,4,15 to 19 years,1,Imposible get/obtain,412
507,3,Upper Middle Class,2016,1,Male,4,15 to 19 years,2,Hard to get/obtain,10715
508,3,Upper Middle Class,2016,1,Male,4,15 to 19 years,3,Easy to get/obtain,22905
509,3,Upper Middle Class,2016,1,Male,4,15 to 19 years,4,Very easy to get/obtain,356
510,3,Upper Middle Class,2016,1,Male,4,15 to 19 years,5,No hard or easy get/obtain (spontaneous),693
511,3,Upper Middle Class,2016,1,Male,5,20 to 24 years,1,Imposible get/obtain,12096
512,3,Upper Middle Class,2016,1,Male,5,20 to 24 years,2,Hard to get/obtain,53438
513,3,Upper Middle Class,2016,1,Male,5,20 to 24 years,3,Easy to get/obtain,113185
514,3,Upper Middle Class,2016,1,Male,5,20 to 24 years,4,Very easy to get/obtain,7395
515,3,Upper Middle Class,2016,1,Male,5,20 to 24 years,5,No hard or easy get/obtain (spontaneous),995
516,3,Upper Middle Class,2016,1,Male,6,25 to 29 years,1,Imposible get/obtain,7993
517,3,Upper Middle Class,2016,1,Male,6,25 to 29 years,2,Hard to get/obtain,73095
518,3,Upper Middle Class,2016,1,Male,6,25 to 29 years,3,Easy to get/obtain,137670
519,3,Upper Middle Class,2016,1,Male,6,25 to 29 years,4,Very easy to get/obtain,11326
520,3,Upper Middle Class,2016,1,Male,6,25 to 29 years,5,No hard or easy get/obtain (spontaneous),8852
521,3,Upper Middle Class,2016,1,Male,7,30 to 34 years,1,Imposible get/obtain,9650
522,3,Upper Middle Class,2016,1,Male,7,30 to 34 years,2,Hard to get/obtain,97025
523,3,Upper Middle Class,2016,1,Male,7,30 to 34 years,3,Easy to get/obtain,169386
524,3,Upper Middle Class,2016,1,Male,7,30 to 34 years,4,Very easy to get/obtain,18215
525,3,Upper Middle Class,2016,1,Male,7,30 to 34 years,5,No hard or easy get/obtain (spontaneous),3813
526,3,Upper Middle Class,2016,1,Male,8,35 to 39 years,1,Imposible get/obtain,18757
527,3,Upper Middle Class,2016,1,Male,8,35 to 39 years,2,Hard to get/obtain,82347
528,3,Upper Middle Class,2016,1,Male,8,35 to 39 years,3,Easy to get/obtain,193404
529,3,Upper Middle Class,2016,1,Male,8,35 to 39 years,4,Very easy to get/obtain,9894
530,3,Upper Middle Class,2016,1,Male,8,35 to 39 years,5,No hard or easy get/obtain (spontaneous),5846
531,3,Upper Middle Class,2016,1,Male,9,40 to 44 years,1,Imposible get/obtain,6791
532,3,Upper Middle Class,2016,1,Male,9,40 to 44 years,2,Hard to get/obtain,106528
533,3,Upper Middle Class,2016,1,Male,9,40 to 44 years,3,Easy to get/obtain,159968
534,3,Upper Middle Class,2016,1,Male,9,40 to 44 years,4,Very easy to get/obtain,7857
535,3,Upper Middle Class,2016,1,Male,9,40 to 44 years,5,No hard or easy get/obtain (spontaneous),5951
536,3,Upper Middle Class,2016,1,Male,10,45 to 49 years,1,Imposible get/obtain,7312
537,3,Upper Middle Class,2016,1,Male,10,45 to 49 years,2,Hard to get/obtain,71863
538,3,Upper Middle Class,2016,1,Male,10,45 to 49 years,3,Easy to get/obtain,102661
539,3,Upper Middle Class,2016,1,Male,10,45 to 49 years,4,Very easy to get/obtain,14916
540,3,Upper Middle Class,2016,1,Male,10,45 to 49 years,5,No hard or easy get/obtain (spontaneous),2426
541,3,Upper Middle Class,2016,1,Male,11,50 to 54 years,1,Imposible get/obtain,487
542,3,Upper Middle Class,2016,1,Male,11,50 to 54 years,2,Hard to get/obtain,46385
543,3,Upper Middle Class,2016,1,Male,11,50 to 54 years,3,Easy to get/obtain,59697
544,3,Upper Middle Class,2016,1,Male,11,50 to 54 years,4,Very easy to get/obtain,5480
545,3,Upper Middle Class,2016,1,Male,11,50 to 54 years,5,No hard or easy get/obtain (spontaneous),914
546,3,Upper Middle Class,2016,1,Male,12,55 to 59 years,1,Imposible get/obtain,5362
547,3,Upper Middle Class,2016,1,Male,12,55 to 59 years,2,Hard to get/obtain,32846
548,3,Upper Middle Class,2016,1,Male,12,55 to 59 years,3,Easy to get/obtain,33307
549,3,Upper Middle Class,2016,1,Male,12,55 to 59 years,4,Very easy to get/obtain,902
550,3,Upper Middle Class,2016,1,Male,12,55 to 59 years,5,No hard or easy get/obtain (spontaneous),399
551,3,Upper Middle Class,2016,1,Male,13,60 to 64 years,1,Imposible get/obtain,4832
552,3,Upper Middle Class,2016,1,Male,13,60 to 64 years,2,Hard to get/obtain,21546
553,3,Upper Middle Class,2016,1,Male,13,60 to 64 years,3,Easy to get/obtain,44554
554,3,Upper Middle Class,2016,1,Male,13,60 to 64 years,4,Very easy to get/obtain,921
555,3,Upper Middle Class,2016,1,Male,13,60 to 64 years,5,No hard or easy get/obtain (spontaneous),3898
556,3,Upper Middle Class,2016,1,Male,14,65 to 69 years,1,Imposible get/obtain,6319
557,3,Upper Middle Class,2016,1,Male,14,65 to 69 years,2,Hard to get/obtain,13681
558,3,Upper Middle Class,2016,1,Male,14,65 to 69 years,3,Easy to get/obtain,22044
559,3,Upper Middle Class,2016,1,Male,14,65 to 69 years,4,Very easy to get/obtain,2130
560,3,Upper Middle Class,2016,1,Male,14,65 to 69 years,5,No hard or easy get/obtain (spontaneous),924
561,3,Upper Middle Class,2016,1,Male,15,70 to 74 years,1,Imposible get/obtain,2556
562,3,Upper Middle Class,2016,1,Male,15,70 to 74 years,2,Hard to get/obtain,5022
563,3,Upper Middle Class,2016,1,Male,15,70 to 74 years,3,Easy to get/obtain,7818
564,3,Upper Middle Class,2016,1,Male,15,70 to 74 years,4,Very easy to get/obtain,431
565,3,Upper Middle Class,2016,1,Male,15,70 to 74 years,5,No hard or easy get/obtain (spontaneous),1345
566,3,Upper Middle Class,2016,1,Male,16,75 to 79 years,2,Hard to get/obtain,7193
567,3,Upper Middle Class,2016,1,Male,16,75 to 79 years,3,Easy to get/obtain,19125
568,3,Upper Middle Class,2016,1,Male,16,75 to 79 years,5,No hard or easy get/obtain (spontaneous),233
569,3,Upper Middle Class,2016,1,Male,17,80 or more years,1,Imposible get/obtain,656
570,3,Upper Middle Class,2016,1,Male,17,80 or more years,2,Hard to get/obtain,4659
571,3,Upper Middle Class,2016,1,Male,17,80 or more years,3,Easy to get/obtain,7854
572,3,Upper Middle Class,2016,1,Male,17,80 or more years,4,Very easy to get/obtain,196
573,3,Upper Middle Class,2016,2,Female,4,15 to 19 years,2,Hard to get/obtain,12406
574,3,Upper Middle Class,2016,2,Female,4,15 to 19 years,3,Easy to get/obtain,12360
575,3,Upper Middle Class,2016,2,Female,4,15 to 19 years,4,Very easy to get/obtain,1814
576,3,Upper Middle Class,2016,2,Female,4,15 to 19 years,5,No hard or easy get/obtain (spontaneous),1347
577,3,Upper Middle Class,2016,2,Female,5,20 to 24 years,1,Imposible get/obtain,16694
578,3,Upper Middle Class,2016,2,Female,5,20 to 24 years,2,Hard to get/obtain,61432
579,3,Upper Middle Class,2016,2,Female,5,20 to 24 years,3,Easy to get/obtain,108519
580,3,Upper Middle Class,2016,2,Female,5,20 to 24 years,4,Very easy to get/obtain,12804
581,3,Upper Middle Class,2016,2,Female,5,20 to 24 years,5,No hard or easy get/obtain (spontaneous),1148
582,3,Upper Middle Class,2016,2,Female,6,25 to 29 years,1,Imposible get/obtain,10407
583,3,Upper Middle Class,2016,2,Female,6,25 to 29 years,2,Hard to get/obtain,108996
584,3,Upper Middle Class,2016,2,Female,6,25 to 29 years,3,Easy to get/obtain,173475
585,3,Upper Middle Class,2016,2,Female,6,25 to 29 years,4,Very easy to get/obtain,19249
586,3,Upper Middle Class,2016,2,Female,6,25 to 29 years,5,No hard or easy get/obtain (spontaneous),5196
587,3,Upper Middle Class,2016,2,Female,7,30 to 34 years,1,Imposible get/obtain,27249
588,3,Upper Middle Class,2016,2,Female,7,30 to 34 years,2,Hard to get/obtain,153028
589,3,Upper Middle Class,2016,2,Female,7,30 to 34 years,3,Easy to get/obtain,182838
590,3,Upper Middle Class,2016,2,Female,7,30 to 34 years,4,Very easy to get/obtain,30012
591,3,Upper Middle Class,2016,2,Female,7,30 to 34 years,5,No hard or easy get/obtain (spontaneous),6616
592,3,Upper Middle Class,2016,2,Female,8,35 to 39 years,1,Imposible get/obtain,20682
593,3,Upper Middle Class,2016,2,Female,8,35 to 39 years,2,Hard to get/obtain,161028
594,3,Upper Middle Class,2016,2,Female,8,35 to 39 years,3,Easy to get/obtain,210505
595,3,Upper Middle Class,2016,2,Female,8,35 to 39 years,4,Very easy to get/obtain,20176
596,3,Upper Middle Class,2016,2,Female,8,35 to 39 years,5,No hard or easy get/obtain (spontaneous),7189
597,3,Upper Middle Class,2016,2,Female,9,40 to 44 years,1,Imposible get/obtain,16276
598,3,Upper Middle Class,2016,2,Female,9,40 to 44 years,2,Hard to get/obtain,119638
599,3,Upper Middle Class,2016,2,Female,9,40 to 44 years,3,Easy to get/obtain,175558
600,3,Upper Middle Class,2016,2,Female,9,40 to 44 years,4,Very easy to get/obtain,8334
601,3,Upper Middle Class,2016,2,Female,9,40 to 44 years,5,No hard or easy get/obtain (spontaneous),916
602,3,Upper Middle Class,2016,2,Female,10,45 to 49 years,1,Imposible get/obtain,11614
603,3,Upper Middle Class,2016,2,Female,10,45 to 49 years,2,Hard to get/obtain,70924
604,3,Upper Middle Class,2016,2,Female,10,45 to 49 years,3,Easy to get/obtain,87236
605,3,Upper Middle Class,2016,2,Female,10,45 to 49 years,4,Very easy to get/obtain,2906
606,3,Upper Middle Class,2016,2,Female,10,45 to 49 years,5,No hard or easy get/obtain (spontaneous),1469
607,3,Upper Middle Class,2016,2,Female,11,50 to 54 years,1,Imposible get/obtain,6123
608,3,Upper Middle Class,2016,2,Female,11,50 to 54 years,2,Hard to get/obtain,53094
609,3,Upper Middle Class,2016,2,Female,11,50 to 54 years,3,Easy to get/obtain,46692
610,3,Upper Middle Class,2016,2,Female,11,50 to 54 years,4,Very easy to get/obtain,1273
611,3,Upper Middle Class,2016,2,Female,11,50 to 54 years,5,No hard or easy get/obtain (spontaneous),1472
612,3,Upper Middle Class,2016,2,Female,12,55 to 59 years,1,Imposible get/obtain,4703
613,3,Upper Middle Class,2016,2,Female,12,55 to 59 years,2,Hard to get/obtain,29705
614,3,Upper Middle Class,2016,2,Female,12,55 to 59 years,3,Easy to get/obtain,42136
615,3,Upper Middle Class,2016,2,Female,12,55 to 59 years,4,Very easy to get/obtain,1644
616,3,Upper Middle Class,2016,2,Female,12,55 to 59 years,5,No hard or easy get/obtain (spontaneous),236
617,3,Upper Middle Class,2016,2,Female,13,60 to 64 years,1,Imposible get/obtain,2868
618,3,Upper Middle Class,2016,2,Female,13,60 to 64 years,2,Hard to get/obtain,28118
619,3,Upper Middle Class,2016,2,Female,13,60 to 64 years,3,Easy to get/obtain,26993
620,3,Upper Middle Class,2016,2,Female,13,60 to 64 years,4,Very easy to get/obtain,830
621,3,Upper Middle Class,2016,2,Female,14,65 to 69 years,1,Imposible get/obtain,5462
622,3,Upper Middle Class,2016,2,Female,14,65 to 69 years,2,Hard to get/obtain,10211
623,3,Upper Middle Class,2016,2,Female,14,65 to 69 years,3,Easy to get/obtain,13433
624,3,Upper Middle Class,2016,2,Female,14,65 to 69 years,4,Very easy to get/obtain,823
625,3,Upper Middle Class,2016,2,Female,15,70 to 74 years,2,Hard to get/obtain,2675
626,3,Upper Middle Class,2016,2,Female,15,70 to 74 years,3,Easy to get/obtain,6838
627,3,Upper Middle Class,2016,2,Female,16,75 to 79 years,2,Hard to get/obtain,2964
628,3,Upper Middle Class,2016,2,Female,16,75 to 79 years,3,Easy to get/obtain,1593
629,3,Upper Middle Class,2016,2,Female,17,80 or more years,2,Hard to get/obtain,3794
630,3,Upper Middle Class,2016,2,Female,17,80 or more years,3,Easy to get/obtain,1454
631,3,Upper Middle Class,2018,1,Male,4,15 to 19 years,1,Imposible get/obtain,915
632,3,Upper Middle Class,2018,1,Male,4,15 to 19 years,2,Hard to get/obtain,13340
633,3,Upper Middle Class,2018,1,Male,4,15 to 19 years,3,Easy to get/obtain,17885
634,3,Upper Middle Class,2018,1,Male,4,15 to 19 years,4,Very easy to get/obtain,1900
635,3,Upper Middle Class,2018,1,Male,4,15 to 19 years,5,No hard or easy get/obtain (spontaneous),1645
636,3,Upper Middle Class,2018,1,Male,5,20 to 24 years,1,Imposible get/obtain,1760
637,3,Upper Middle Class,2018,1,Male,5,20 to 24 years,2,Hard to get/obtain,36979
638,3,Upper Middle Class,2018,1,Male,5,20 to 24 years,3,Easy to get/obtain,78723
639,3,Upper Middle Class,2018,1,Male,5,20 to 24 years,4,Very easy to get/obtain,4844
640,3,Upper Middle Class,2018,1,Male,5,20 to 24 years,5,No hard or easy get/obtain (spontaneous),3597
641,3,Upper Middle Class,2018,1,Male,6,25 to 29 years,1,Imposible get/obtain,10914
642,3,Upper Middle Class,2018,1,Male,6,25 to 29 years,2,Hard to get/obtain,77378
643,3,Upper Middle Class,2018,1,Male,6,25 to 29 years,3,Easy to get/obtain,129183
644,3,Upper Middle Class,2018,1,Male,6,25 to 29 years,4,Very easy to get/obtain,10051
645,3,Upper Middle Class,2018,1,Male,6,25 to 29 years,5,No hard or easy get/obtain (spontaneous),6883
646,3,Upper Middle Class,2018,1,Male,7,30 to 34 years,1,Imposible get/obtain,5531
647,3,Upper Middle Class,2018,1,Male,7,30 to 34 years,2,Hard to get/obtain,78993
648,3,Upper Middle Class,2018,1,Male,7,30 to 34 years,3,Easy to get/obtain,137088
649,3,Upper Middle Class,2018,1,Male,7,30 to 34 years,4,Very easy to get/obtain,13274
650,3,Upper Middle Class,2018,1,Male,7,30 to 34 years,5,No hard or easy get/obtain (spontaneous),6567
651,3,Upper Middle Class,2018,1,Male,8,35 to 39 years,1,Imposible get/obtain,11995
652,3,Upper Middle Class,2018,1,Male,8,35 to 39 years,2,Hard to get/obtain,89809
653,3,Upper Middle Class,2018,1,Male,8,35 to 39 years,3,Easy to get/obtain,134001
654,3,Upper Middle Class,2018,1,Male,8,35 to 39 years,4,Very easy to get/obtain,17090
655,3,Upper Middle Class,2018,1,Male,8,35 to 39 years,5,No hard or easy get/obtain (spontaneous),4880
656,3,Upper Middle Class,2018,1,Male,9,40 to 44 years,1,Imposible get/obtain,5166
657,3,Upper Middle Class,2018,1,Male,9,40 to 44 years,2,Hard to get/obtain,84791
658,3,Upper Middle Class,2018,1,Male,9,40 to 44 years,3,Easy to get/obtain,112097
659,3,Upper Middle Class,2018,1,Male,9,40 to 44 years,4,Very easy to get/obtain,10682
660,3,Upper Middle Class,2018,1,Male,9,40 to 44 years,5,No hard or easy get/obtain (spontaneous),6715
661,3,Upper Middle Class,2018,1,Male,10,45 to 49 years,1,Imposible get/obtain,4754
662,3,Upper Middle Class,2018,1,Male,10,45 to 49 years,2,Hard to get/obtain,56546
663,3,Upper Middle Class,2018,1,Male,10,45 to 49 years,3,Easy to get/obtain,84291
664,3,Upper Middle Class,2018,1,Male,10,45 to 49 years,4,Very easy to get/obtain,8568
665,3,Upper Middle Class,2018,1,Male,10,45 to 49 years,5,No hard or easy get/obtain (spontaneous),5376
666,3,Upper Middle Class,2018,1,Male,11,50 to 54 years,1,Imposible get/obtain,2913
667,3,Upper Middle Class,2018,1,Male,11,50 to 54 years,2,Hard to get/obtain,42135
668,3,Upper Middle Class,2018,1,Male,11,50 to 54 years,3,Easy to get/obtain,45277
669,3,Upper Middle Class,2018,1,Male,11,50 to 54 years,4,Very easy to get/obtain,5017
670,3,Upper Middle Class,2018,1,Male,11,50 to 54 years,5,No hard or easy get/obtain (spontaneous),3513
671,3,Upper Middle Class,2018,1,Male,12,55 to 59 years,1,Imposible get/obtain,1778
672,3,Upper Middle Class,2018,1,Male,12,55 to 59 years,2,Hard to get/obtain,38150
673,3,Upper Middle Class,2018,1,Male,12,55 to 59 years,3,Easy to get/obtain,55955
674,3,Upper Middle Class,2018,1,Male,12,55 to 59 years,4,Very easy to get/obtain,2860
675,3,Upper Middle Class,2018,1,Male,12,55 to 59 years,5,No hard or easy get/obtain (spontaneous),319
676,3,Upper Middle Class,2018,1,Male,13,60 to 64 years,1,Imposible get/obtain,2419
677,3,Upper Middle Class,2018,1,Male,13,60 to 64 years,2,Hard to get/obtain,25316
678,3,Upper Middle Class,2018,1,Male,13,60 to 64 years,3,Easy to get/obtain,37324
679,3,Upper Middle Class,2018,1,Male,13,60 to 64 years,4,Very easy to get/obtain,154
680,3,Upper Middle Class,2018,1,Male,13,60 to 64 years,5,No hard or easy get/obtain (spontaneous),639
681,3,Upper Middle Class,2018,1,Male,14,65 to 69 years,1,Imposible get/obtain,4664
682,3,Upper Middle Class,2018,1,Male,14,65 to 69 years,2,Hard to get/obtain,19463
683,3,Upper Middle Class,2018,1,Male,14,65 to 69 years,3,Easy to get/obtain,20817
684,3,Upper Middle Class,2018,1,Male,14,65 to 69 years,4,Very easy to get/obtain,1918
685,3,Upper Middle Class,2018,1,Male,14,65 to 69 years,5,No hard or easy get/obtain (spontaneous),2190
686,3,Upper Middle Class,2018,1,Male,15,70 to 74 years,1,Imposible get/obtain,636
687,3,Upper Middle Class,2018,1,Male,15,70 to 74 years,2,Hard to get/obtain,10790
688,3,Upper Middle Class,2018,1,Male,15,70 to 74 years,3,Easy to get/obtain,18312
689,3,Upper Middle Class,2018,1,Male,16,75 to 79 years,1,Imposible get/obtain,1550
690,3,Upper Middle Class,2018,1,Male,16,75 to 79 years,2,Hard to get/obtain,9184
691,3,Upper Middle Class,2018,1,Male,16,75 to 79 years,3,Easy to get/obtain,7472
692,3,Upper Middle Class,2018,1,Male,17,80 or more years,2,Hard to get/obtain,6768
693,3,Upper Middle Class,2018,1,Male,17,80 or more years,3,Easy to get/obtain,3974
694,3,Upper Middle Class,2018,2,Female,4,15 to 19 years,1,Imposible get/obtain,1217
695,3,Upper Middle Class,2018,2,Female,4,15 to 19 years,2,Hard to get/obtain,9073
696,3,Upper Middle Class,2018,2,Female,4,15 to 19 years,3,Easy to get/obtain,25894
697,3,Upper Middle Class,2018,2,Female,4,15 to 19 years,4,Very easy to get/obtain,222
698,3,Upper Middle Class,2018,2,Female,5,20 to 24 years,1,Imposible get/obtain,6735
699,3,Upper Middle Class,2018,2,Female,5,20 to 24 years,2,Hard to get/obtain,55272
700,3,Upper Middle Class,2018,2,Female,5,20 to 24 years,3,Easy to get/obtain,94306
701,3,Upper Middle Class,2018,2,Female,5,20 to 24 years,4,Very easy to get/obtain,10312
702,3,Upper Middle Class,2018,2,Female,5,20 to 24 years,5,No hard or easy get/obtain (spontaneous),2666
703,3,Upper Middle Class,2018,2,Female,6,25 to 29 years,1,Imposible get/obtain,15729
704,3,Upper Middle Class,2018,2,Female,6,25 to 29 years,2,Hard to get/obtain,110950
705,3,Upper Middle Class,2018,2,Female,6,25 to 29 years,3,Easy to get/obtain,132060
706,3,Upper Middle Class,2018,2,Female,6,25 to 29 years,4,Very easy to get/obtain,15032
707,3,Upper Middle Class,2018,2,Female,6,25 to 29 years,5,No hard or easy get/obtain (spontaneous),3339
708,3,Upper Middle Class,2018,2,Female,7,30 to 34 years,1,Imposible get/obtain,17859
709,3,Upper Middle Class,2018,2,Female,7,30 to 34 years,2,Hard to get/obtain,141590
710,3,Upper Middle Class,2018,2,Female,7,30 to 34 years,3,Easy to get/obtain,209109
711,3,Upper Middle Class,2018,2,Female,7,30 to 34 years,4,Very easy to get/obtain,18771
712,3,Upper Middle Class,2018,2,Female,7,30 to 34 years,5,No hard or easy get/obtain (spontaneous),4571
713,3,Upper Middle Class,2018,2,Female,8,35 to 39 years,1,Imposible get/obtain,11111
714,3,Upper Middle Class,2018,2,Female,8,35 to 39 years,2,Hard to get/obtain,127202
715,3,Upper Middle Class,2018,2,Female,8,35 to 39 years,3,Easy to get/obtain,152615
716,3,Upper Middle Class,2018,2,Female,8,35 to 39 years,4,Very easy to get/obtain,13388
717,3,Upper Middle Class,2018,2,Female,8,35 to 39 years,5,No hard or easy get/obtain (spontaneous),6129
718,3,Upper Middle Class,2018,2,Female,9,40 to 44 years,1,Imposible get/obtain,14576
719,3,Upper Middle Class,2018,2,Female,9,40 to 44 years,2,Hard to get/obtain,129062
720,3,Upper Middle Class,2018,2,Female,9,40 to 44 years,3,Easy to get/obtain,127502
721,3,Upper Middle Class,2018,2,Female,9,40 to 44 years,4,Very easy to get/obtain,12670
722,3,Upper Middle Class,2018,2,Female,9,40 to 44 years,5,No hard or easy get/obtain (spontaneous),3892
723,3,Upper Middle Class,2018,2,Female,10,45 to 49 years,1,Imposible get/obtain,8231
724,3,Upper Middle Class,2018,2,Female,10,45 to 49 years,2,Hard to get/obtain,66441
725,3,Upper Middle Class,2018,2,Female,10,45 to 49 years,3,Easy to get/obtain,74257
726,3,Upper Middle Class,2018,2,Female,10,45 to 49 years,4,Very easy to get/obtain,9233
727,3,Upper Middle Class,2018,2,Female,10,45 to 49 years,5,No hard or easy get/obtain (spontaneous),342
728,3,Upper Middle Class,2018,2,Female,11,50 to 54 years,1,Imposible get/obtain,8104
729,3,Upper Middle Class,2018,2,Female,11,50 to 54 years,2,Hard to get/obtain,47767
730,3,Upper Middle Class,2018,2,Female,11,50 to 54 years,3,Easy to get/obtain,56863
731,3,Upper Middle Class,2018,2,Female,11,50 to 54 years,4,Very easy to get/obtain,1629
732,3,Upper Middle Class,2018,2,Female,11,50 to 54 years,5,No hard or easy get/obtain (spontaneous),1156
733,3,Upper Middle Class,2018,2,Female,12,55 to 59 years,1,Imposible get/obtain,7289
734,3,Upper Middle Class,2018,2,Female,12,55 to 59 years,2,Hard to get/obtain,18156
735,3,Upper Middle Class,2018,2,Female,12,55 to 59 years,3,Easy to get/obtain,32834
736,3,Upper Middle Class,2018,2,Female,12,55 to 59 years,4,Very easy to get/obtain,748
737,3,Upper Middle Class,2018,2,Female,12,55 to 59 years,5,No hard or easy get/obtain (spontaneous),4237
738,3,Upper Middle Class,2018,2,Female,13,60 to 64 years,1,Imposible get/obtain,4334
739,3,Upper Middle Class,2018,2,Female,13,60 to 64 years,2,Hard to get/obtain,22145
740,3,Upper Middle Class,2018,2,Female,13,60 to 64 years,3,Easy to get/obtain,27786
741,3,Upper Middle Class,2018,2,Female,13,60 to 64 years,4,Very easy to get/obtain,765
742,3,Upper Middle Class,2018,2,Female,13,60 to 64 years,5,No hard or easy get/obtain (spontaneous),2403
743,3,Upper Middle Class,2018,2,Female,14,65 to 69 years,1,Imposible get/obtain,606
744,3,Upper Middle Class,2018,2,Female,14,65 to 69 years,2,Hard to get/obtain,16685
745,3,Upper Middle Class,2018,2,Female,14,65 to 69 years,3,Easy to get/obtain,20239
746,3,Upper Middle Class,2018,2,Female,14,65 to 69 years,4,Very easy to get/obtain,743
747,3,Upper Middle Class,2018,2,Female,15,70 to 74 years,1,Imposible get/obtain,938
748,3,Upper Middle Class,2018,2,Female,15,70 to 74 years,2,Hard to get/obtain,11525
749,3,Upper Middle Class,2018,2,Female,15,70 to 74 years,3,Easy to get/obtain,4800
750,3,Upper Middle Class,2018,2,Female,15,70 to 74 years,4,Very easy to get/obtain,3592
751,3,Upper Middle Class,2018,2,Female,15,70 to 74 years,5,No hard or easy get/obtain (spontaneous),288
752,3,Upper Middle Class,2018,2,Female,16,75 to 79 years,1,Imposible get/obtain,105
753,3,Upper Middle Class,2018,2,Female,16,75 to 79 years,2,Hard to get/obtain,7566
754,3,Upper Middle Class,2018,2,Female,16,75 to 79 years,3,Easy to get/obtain,6049
755,3,Upper Middle Class,2018,2,Female,16,75 to 79 years,4,Very easy to get/obtain,795
756,3,Upper Middle Class,2018,2,Female,16,75 to 79 years,5,No hard or easy get/obtain (spontaneous),131
757,3,Upper Middle Class,2018,2,Female,17,80 or more years,2,Hard to get/obtain,733
758,3,Upper Middle Class,2018,2,Female,17,80 or more years,3,Easy to get/obtain,493
759,4,Upper Class,2016,1,Male,4,15 to 19 years,1,Imposible get/obtain,516
760,4,Upper Class,2016,1,Male,4,15 to 19 years,2,Hard to get/obtain,1308
761,4,Upper Class,2016,1,Male,4,15 to 19 years,3,Easy to get/obtain,10341
762,4,Upper Class,2016,1,Male,4,15 to 19 years,4,Very easy to get/obtain,911
763,4,Upper Class,2016,1,Male,5,20 to 24 years,1,Imposible get/obtain,560
764,4,Upper Class,2016,1,Male,5,20 to 24 years,2,Hard to get/obtain,14189
765,4,Upper Class,2016,1,Male,5,20 to 24 years,3,Easy to get/obtain,22717
766,4,Upper Class,2016,1,Male,5,20 to 24 years,4,Very easy to get/obtain,944
767,4,Upper Class,2016,1,Male,5,20 to 24 years,5,No hard or easy get/obtain (spontaneous),5063
768,4,Upper Class,2016,1,Male,6,25 to 29 years,1,Imposible get/obtain,4796
769,4,Upper Class,2016,1,Male,6,25 to 29 years,2,Hard to get/obtain,21457
770,4,Upper Class,2016,1,Male,6,25 to 29 years,3,Easy to get/obtain,48577
771,4,Upper Class,2016,1,Male,6,25 to 29 years,4,Very easy to get/obtain,8046
772,4,Upper Class,2016,1,Male,6,25 to 29 years,5,No hard or easy get/obtain (spontaneous),3767
773,4,Upper Class,2016,1,Male,7,30 to 34 years,1,Imposible get/obtain,6308
774,4,Upper Class,2016,1,Male,7,30 to 34 years,2,Hard to get/obtain,45019
775,4,Upper Class,2016,1,Male,7,30 to 34 years,3,Easy to get/obtain,68943
776,4,Upper Class,2016,1,Male,7,30 to 34 years,4,Very easy to get/obtain,8509
777,4,Upper Class,2016,1,Male,7,30 to 34 years,5,No hard or easy get/obtain (spontaneous),1079
778,4,Upper Class,2016,1,Male,8,35 to 39 years,1,Imposible get/obtain,8139
779,4,Upper Class,2016,1,Male,8,35 to 39 years,2,Hard to get/obtain,60818
780,4,Upper Class,2016,1,Male,8,35 to 39 years,3,Easy to get/obtain,109237
781,4,Upper Class,2016,1,Male,8,35 to 39 years,4,Very easy to get/obtain,14907
782,4,Upper Class,2016,1,Male,8,35 to 39 years,5,No hard or easy get/obtain (spontaneous),3140
783,4,Upper Class,2016,1,Male,9,40 to 44 years,1,Imposible get/obtain,10327
784,4,Upper Class,2016,1,Male,9,40 to 44 years,2,Hard to get/obtain,66169
785,4,Upper Class,2016,1,Male,9,40 to 44 years,3,Easy to get/obtain,106085
786,4,Upper Class,2016,1,Male,9,40 to 44 years,4,Very easy to get/obtain,8019
787,4,Upper Class,2016,1,Male,9,40 to 44 years,5,No hard or easy get/obtain (spontaneous),2377
788,4,Upper Class,2016,1,Male,10,45 to 49 years,1,Imposible get/obtain,740
789,4,Upper Class,2016,1,Male,10,45 to 49 years,2,Hard to get/obtain,37433
790,4,Upper Class,2016,1,Male,10,45 to 49 years,3,Easy to get/obtain,50930
791,4,Upper Class,2016,1,Male,10,45 to 49 years,4,Very easy to get/obtain,6954
792,4,Upper Class,2016,1,Male,11,50 to 54 years,1,Imposible get/obtain,1809
793,4,Upper Class,2016,1,Male,11,50 to 54 years,2,Hard to get/obtain,15446
794,4,Upper Class,2016,1,Male,11,50 to 54 years,3,Easy to get/obtain,26854
795,4,Upper Class,2016,1,Male,11,50 to 54 years,4,Very easy to get/obtain,2948
796,4,Upper Class,2016,1,Male,11,50 to 54 years,5,No hard or easy get/obtain (spontaneous),4639
797,4,Upper Class,2016,1,Male,12,55 to 59 years,1,Imposible get/obtain,5115
798,4,Upper Class,2016,1,Male,12,55 to 59 years,2,Hard to get/obtain,14412
799,4,Upper Class,2016,1,Male,12,55 to 59 years,3,Easy to get/obtain,16416
800,4,Upper Class,2016,1,Male,12,55 to 59 years,5,No hard or easy get/obtain (spontaneous),563
801,4,Upper Class,2016,1,Male,13,60 to 64 years,2,Hard to get/obtain,9583
802,4,Upper Class,2016,1,Male,13,60 to 64 years,3,Easy to get/obtain,5901
803,4,Upper Class,2016,1,Male,13,60 to 64 years,4,Very easy to get/obtain,407
804,4,Upper Class,2016,1,Male,13,60 to 64 years,5,No hard or easy get/obtain (spontaneous),3674
805,4,Upper Class,2016,1,Male,14,65 to 69 years,1,Imposible get/obtain,290
806,4,Upper Class,2016,1,Male,14,65 to 69 years,2,Hard to get/obtain,3130
807,4,Upper Class,2016,1,Male,14,65 to 69 years,3,Easy to get/obtain,2658
808,4,Upper Class,2016,1,Male,14,65 to 69 years,4,Very easy to get/obtain,738
809,4,Upper Class,2016,1,Male,15,70 to 74 years,2,Hard to get/obtain,1517
810,4,Upper Class,2016,1,Male,15,70 to 74 years,3,Easy to get/obtain,6739
811,4,Upper Class,2016,1,Male,15,70 to 74 years,4,Very easy to get/obtain,407
812,4,Upper Class,2016,1,Male,15,70 to 74 years,5,No hard or easy get/obtain (spontaneous),149
813,4,Upper Class,2016,1,Male,16,75 to 79 years,1,Imposible get/obtain,1022
814,4,Upper Class,2016,1,Male,16,75 to 79 years,2,Hard to get/obtain,738
815,4,Upper Class,2016,1,Male,16,75 to 79 years,3,Easy to get/obtain,1930
816,4,Upper Class,2016,1,Male,17,80 or more years,3,Easy to get/obtain,3347
817,4,Upper Class,2016,2,Female,4,15 to 19 years,2,Hard to get/obtain,1784
818,4,Upper Class,2016,2,Female,4,15 to 19 years,3,Easy to get/obtain,4537
819,4,Upper Class,2016,2,Female,4,15 to 19 years,5,No hard or easy get/obtain (spontaneous),263
820,4,Upper Class,2016,2,Female,5,20 to 24 years,1,Imposible get/obtain,5752
821,4,Upper Class,2016,2,Female,5,20 to 24 years,2,Hard to get/obtain,11176
822,4,Upper Class,2016,2,Female,5,20 to 24 years,3,Easy to get/obtain,23246
823,4,Upper Class,2016,2,Female,5,20 to 24 years,4,Very easy to get/obtain,2821
824,4,Upper Class,2016,2,Female,5,20 to 24 years,5,No hard or easy get/obtain (spontaneous),3119
825,4,Upper Class,2016,2,Female,6,25 to 29 years,1,Imposible get/obtain,10064
826,4,Upper Class,2016,2,Female,6,25 to 29 years,2,Hard to get/obtain,34432
827,4,Upper Class,2016,2,Female,6,25 to 29 years,3,Easy to get/obtain,58761
828,4,Upper Class,2016,2,Female,6,25 to 29 years,4,Very easy to get/obtain,6736
829,4,Upper Class,2016,2,Female,6,25 to 29 years,5,No hard or easy get/obtain (spontaneous),250
830,4,Upper Class,2016,2,Female,7,30 to 34 years,1,Imposible get/obtain,3701
831,4,Upper Class,2016,2,Female,7,30 to 34 years,2,Hard to get/obtain,76317
832,4,Upper Class,2016,2,Female,7,30 to 34 years,3,Easy to get/obtain,96916
833,4,Upper Class,2016,2,Female,7,30 to 34 years,4,Very easy to get/obtain,16561
834,4,Upper Class,2016,2,Female,7,30 to 34 years,5,No hard or easy get/obtain (spontaneous),3990
835,4,Upper Class,2016,2,Female,8,35 to 39 years,1,Imposible get/obtain,11439
836,4,Upper Class,2016,2,Female,8,35 to 39 years,2,Hard to get/obtain,95172
837,4,Upper Class,2016,2,Female,8,35 to 39 years,3,Easy to get/obtain,112933
838,4,Upper Class,2016,2,Female,8,35 to 39 years,4,Very easy to get/obtain,11769
839,4,Upper Class,2016,2,Female,8,35 to 39 years,5,No hard or easy get/obtain (spontaneous),7827
840,4,Upper Class,2016,2,Female,9,40 to 44 years,1,Imposible get/obtain,12029
841,4,Upper Class,2016,2,Female,9,40 to 44 years,2,Hard to get/obtain,80243
842,4,Upper Class,2016,2,Female,9,40 to 44 years,3,Easy to get/obtain,109437
843,4,Upper Class,2016,2,Female,9,40 to 44 years,4,Very easy to get/obtain,11642
844,4,Upper Class,2016,2,Female,9,40 to 44 years,5,No hard or easy get/obtain (spontaneous),3589
845,4,Upper Class,2016,2,Female,10,45 to 49 years,1,Imposible get/obtain,2760
846,4,Upper Class,2016,2,Female,10,45 to 49 years,2,Hard to get/obtain,21768
847,4,Upper Class,2016,2,Female,10,45 to 49 years,3,Easy to get/obtain,60544
848,4,Upper Class,2016,2,Female,10,45 to 49 years,4,Very easy to get/obtain,3207
849,4,Upper Class,2016,2,Female,11,50 to 54 years,1,Imposible get/obtain,3800
850,4,Upper Class,2016,2,Female,11,50 to 54 years,2,Hard to get/obtain,12299
851,4,Upper Class,2016,2,Female,11,50 to 54 years,3,Easy to get/obtain,28682
852,4,Upper Class,2016,2,Female,11,50 to 54 years,4,Very easy to get/obtain,1213
853,4,Upper Class,2016,2,Female,11,50 to 54 years,5,No hard or easy get/obtain (spontaneous),1350
854,4,Upper Class,2016,2,Female,12,55 to 59 years,1,Imposible get/obtain,735
855,4,Upper Class,2016,2,Female,12,55 to 59 years,2,Hard to get/obtain,7384
856,4,Upper Class,2016,2,Female,12,55 to 59 years,3,Easy to get/obtain,7507
857,4,Upper Class,2016,2,Female,12,55 to 59 years,4,Very easy to get/obtain,632
858,4,Upper Class,2016,2,Female,12,55 to 59 years,5,No hard or easy get/obtain (spontaneous),625
859,4,Upper Class,2016,2,Female,13,60 to 64 years,1,Imposible get/obtain,1016
860,4,Upper Class,2016,2,Female,13,60 to 64 years,2,Hard to get/obtain,4974
861,4,Upper Class,2016,2,Female,13,60 to 64 years,3,Easy to get/obtain,12307
862,4,Upper Class,2016,2,Female,13,60 to 64 years,4,Very easy to get/obtain,407
863,4,Upper Class,2016,2,Female,14,65 to 69 years,2,Hard to get/obtain,5875
864,4,Upper Class,2016,2,Female,14,65 to 69 years,3,Easy to get/obtain,6849
865,4,Upper Class,2016,2,Female,14,65 to 69 years,4,Very easy to get/obtain,578
866,4,Upper Class,2016,2,Female,14,65 to 69 years,5,No hard or easy get/obtain (spontaneous),195
867,4,Upper Class,2016,2,Female,15,70 to 74 years,2,Hard to get/obtain,3535
868,4,Upper Class,2016,2,Female,15,70 to 74 years,3,Easy to get/obtain,3605
869,4,Upper Class,2016,2,Female,15,70 to 74 years,4,Very easy to get/obtain,407
870,4,Upper Class,2016,2,Female,16,75 to 79 years,3,Easy to get/obtain,5582
871,4,Upper Class,2016,2,Female,17,80 or more years,2,Hard to get/obtain,354
872,4,Upper Class,2016,2,Female,17,80 or more years,3,Easy to get/obtain,256
873,4,Upper Class,2018,1,Male,4,15 to 19 years,1,Imposible get/obtain,1325
874,4,Upper Class,2018,1,Male,4,15 to 19 years,2,Hard to get/obtain,1403
875,4,Upper Class,2018,1,Male,4,15 to 19 years,3,Easy to get/obtain,5080
876,4,Upper Class,2018,1,Male,4,15 to 19 years,5,No hard or easy get/obtain (spontaneous),1927
877,4,Upper Class,2018,1,Male,5,20 to 24 years,1,Imposible get/obtain,1608
878,4,Upper Class,2018,1,Male,5,20 to 24 years,2,Hard to get/obtain,12431
879,4,Upper Class,2018,1,Male,5,20 to 24 years,3,Easy to get/obtain,25002
880,4,Upper Class,2018,1,Male,5,20 to 24 years,4,Very easy to get/obtain,6371
881,4,Upper Class,2018,1,Male,6,25 to 29 years,1,Imposible get/obtain,7080
882,4,Upper Class,2018,1,Male,6,25 to 29 years,2,Hard to get/obtain,22433
883,4,Upper Class,2018,1,Male,6,25 to 29 years,3,Easy to get/obtain,27344
884,4,Upper Class,2018,1,Male,6,25 to 29 years,4,Very easy to get/obtain,10070
885,4,Upper Class,2018,1,Male,6,25 to 29 years,5,No hard or easy get/obtain (spontaneous),3073
886,4,Upper Class,2018,1,Male,7,30 to 34 years,1,Imposible get/obtain,4701
887,4,Upper Class,2018,1,Male,7,30 to 34 years,2,Hard to get/obtain,27368
888,4,Upper Class,2018,1,Male,7,30 to 34 years,3,Easy to get/obtain,57013
889,4,Upper Class,2018,1,Male,7,30 to 34 years,4,Very easy to get/obtain,2942
890,4,Upper Class,2018,1,Male,7,30 to 34 years,5,No hard or easy get/obtain (spontaneous),1918
891,4,Upper Class,2018,1,Male,8,35 to 39 years,1,Imposible get/obtain,3557
892,4,Upper Class,2018,1,Male,8,35 to 39 years,2,Hard to get/obtain,40006
893,4,Upper Class,2018,1,Male,8,35 to 39 years,3,Easy to get/obtain,71287
894,4,Upper Class,2018,1,Male,8,35 to 39 years,4,Very easy to get/obtain,4679
895,4,Upper Class,2018,1,Male,8,35 to 39 years,5,No hard or easy get/obtain (spontaneous),7797
896,4,Upper Class,2018,1,Male,9,40 to 44 years,1,Imposible get/obtain,11233
897,4,Upper Class,2018,1,Male,9,40 to 44 years,2,Hard to get/obtain,39620
898,4,Upper Class,2018,1,Male,9,40 to 44 years,3,Easy to get/obtain,64345
899,4,Upper Class,2018,1,Male,9,40 to 44 years,4,Very easy to get/obtain,6797
900,4,Upper Class,2018,1,Male,9,40 to 44 years,5,No hard or easy get/obtain (spontaneous),2357
901,4,Upper Class,2018,1,Male,10,45 to 49 years,1,Imposible get/obtain,213
902,4,Upper Class,2018,1,Male,10,45 to 49 years,2,Hard to get/obtain,26145
903,4,Upper Class,2018,1,Male,10,45 to 49 years,3,Easy to get/obtain,56483
904,4,Upper Class,2018,1,Male,10,45 to 49 years,4,Very easy to get/obtain,1493
905,4,Upper Class,2018,1,Male,10,45 to 49 years,5,No hard or easy get/obtain (spontaneous),644
906,4,Upper Class,2018,1,Male,11,50 to 54 years,1,Imposible get/obtain,113
907,4,Upper Class,2018,1,Male,11,50 to 54 years,2,Hard to get/obtain,24627
908,4,Upper Class,2018,1,Male,11,50 to 54 years,3,Easy to get/obtain,26885
909,4,Upper Class,2018,1,Male,11,50 to 54 years,4,Very easy to get/obtain,2036
910,4,Upper Class,2018,1,Male,11,50 to 54 years,5,No hard or easy get/obtain (spontaneous),4090
911,4,Upper Class,2018,1,Male,12,55 to 59 years,1,Imposible get/obtain,1516
912,4,Upper Class,2018,1,Male,12,55 to 59 years,2,Hard to get/obtain,12492
913,4,Upper Class,2018,1,Male,12,55 to 59 years,3,Easy to get/obtain,11585
914,4,Upper Class,2018,1,Male,12,55 to 59 years,4,Very easy to get/obtain,142
915,4,Upper Class,2018,1,Male,13,60 to 64 years,1,Imposible get/obtain,881
916,4,Upper Class,2018,1,Male,13,60 to 64 years,2,Hard to get/obtain,2962
917,4,Upper Class,2018,1,Male,13,60 to 64 years,3,Easy to get/obtain,11078
918,4,Upper Class,2018,1,Male,13,60 to 64 years,4,Very easy to get/obtain,514
919,4,Upper Class,2018,1,Male,13,60 to 64 years,5,No hard or easy get/obtain (spontaneous),1033
920,4,Upper Class,2018,1,Male,14,65 to 69 years,1,Imposible get/obtain,133
921,4,Upper Class,2018,1,Male,14,65 to 69 years,2,Hard to get/obtain,2527
922,4,Upper Class,2018,1,Male,14,65 to 69 years,3,Easy to get/obtain,8112
923,4,Upper Class,2018,1,Male,14,65 to 69 years,4,Very easy to get/obtain,336
924,4,Upper Class,2018,1,Male,15,70 to 74 years,1,Imposible get/obtain,3200
925,4,Upper Class,2018,1,Male,15,70 to 74 years,2,Hard to get/obtain,2085
926,4,Upper Class,2018,1,Male,15,70 to 74 years,3,Easy to get/obtain,5774
927,4,Upper Class,2018,1,Male,15,70 to 74 years,5,No hard or easy get/obtain (spontaneous),391
928,4,Upper Class,2018,1,Male,16,75 to 79 years,2,Hard to get/obtain,2600
929,4,Upper Class,2018,1,Male,16,75 to 79 years,3,Easy to get/obtain,396
930,4,Upper Class,2018,1,Male,16,75 to 79 years,4,Very easy to get/obtain,551
931,4,Upper Class,2018,2,Female,4,15 to 19 years,2,Hard to get/obtain,2038
932,4,Upper Class,2018,2,Female,4,15 to 19 years,3,Easy to get/obtain,3199
933,4,Upper Class,2018,2,Female,4,15 to 19 years,4,Very easy to get/obtain,835
934,4,Upper Class,2018,2,Female,4,15 to 19 years,5,No hard or easy get/obtain (spontaneous),297
935,4,Upper Class,2018,2,Female,5,20 to 24 years,1,Imposible get/obtain,1578
936,4,Upper Class,2018,2,Female,5,20 to 24 years,2,Hard to get/obtain,18861
937,4,Upper Class,2018,2,Female,5,20 to 24 years,3,Easy to get/obtain,22021
938,4,Upper Class,2018,2,Female,5,20 to 24 years,4,Very easy to get/obtain,1468
939,4,Upper Class,2018,2,Female,5,20 to 24 years,5,No hard or easy get/obtain (spontaneous),690
940,4,Upper Class,2018,2,Female,6,25 to 29 years,1,Imposible get/obtain,4471
941,4,Upper Class,2018,2,Female,6,25 to 29 years,2,Hard to get/obtain,26672
942,4,Upper Class,2018,2,Female,6,25 to 29 years,3,Easy to get/obtain,46993
943,4,Upper Class,2018,2,Female,6,25 to 29 years,4,Very easy to get/obtain,5419
944,4,Upper Class,2018,2,Female,6,25 to 29 years,5,No hard or easy get/obtain (spontaneous),9175
945,4,Upper Class,2018,2,Female,7,30 to 34 years,1,Imposible get/obtain,7436
946,4,Upper Class,2018,2,Female,7,30 to 34 years,2,Hard to get/obtain,45625
947,4,Upper Class,2018,2,Female,7,30 to 34 years,3,Easy to get/obtain,75503
948,4,Upper Class,2018,2,Female,7,30 to 34 years,4,Very easy to get/obtain,9943
949,4,Upper Class,2018,2,Female,7,30 to 34 years,5,No hard or easy get/obtain (spontaneous),1492
950,4,Upper Class,2018,2,Female,8,35 to 39 years,1,Imposible get/obtain,7553
951,4,Upper Class,2018,2,Female,8,35 to 39 years,2,Hard to get/obtain,68663
952,4,Upper Class,2018,2,Female,8,35 to 39 years,3,Easy to get/obtain,85500
953,4,Upper Class,2018,2,Female,8,35 to 39 years,4,Very easy to get/obtain,10358
954,4,Upper Class,2018,2,Female,8,35 to 39 years,5,No hard or easy get/obtain (spontaneous),4591
955,4,Upper Class,2018,2,Female,9,40 to 44 years,1,Imposible get/obtain,10451
956,4,Upper Class,2018,2,Female,9,40 to 44 years,2,Hard to get/obtain,49880
957,4,Upper Class,2018,2,Female,9,40 to 44 years,3,Easy to get/obtain,77167
958,4,Upper Class,2018,2,Female,9,40 to 44 years,4,Very easy to get/obtain,9908
959,4,Upper Class,2018,2,Female,9,40 to 44 years,5,No hard or easy get/obtain (spontaneous),3980
960,4,Upper Class,2018,2,Female,10,45 to 49 years,1,Imposible get/obtain,3369
961,4,Upper Class,2018,2,Female,10,45 to 49 years,2,Hard to get/obtain,25052
962,4,Upper Class,2018,2,Female,10,45 to 49 years,3,Easy to get/obtain,46844
963,4,Upper Class,2018,2,Female,10,45 to 49 years,4,Very easy to get/obtain,1126
964,4,Upper Class,2018,2,Female,10,45 to 49 years,5,No hard or easy get/obtain (spontaneous),2713
965,4,Upper Class,2018,2,Female,11,50 to 54 years,1,Imposible get/obtain,1395
966,4,Upper Class,2018,2,Female,11,50 to 54 years,2,Hard to get/obtain,13625
967,4,Upper Class,2018,2,Female,11,50 to 54 years,3,Easy to get/obtain,14868
968,4,Upper Class,2018,2,Female,11,50 to 54 years,4,Very easy to get/obtain,1740
969,4,Upper Class,2018,2,Female,12,55 to 59 years,1,Imposible get/obtain,356
970,4,Upper Class,2018,2,Female,12,55 to 59 years,2,Hard to get/obtain,8366
971,4,Upper Class,2018,2,Female,12,55 to 59 years,3,Easy to get/obtain,10426
972,4,Upper Class,2018,2,Female,12,55 to 59 years,4,Very easy to get/obtain,301
973,4,Upper Class,2018,2,Female,12,55 to 59 years,5,No hard or easy get/obtain (spontaneous),470
974,4,Upper Class,2018,2,Female,13,60 to 64 years,1,Imposible get/obtain,1006
975,4,Upper Class,2018,2,Female,13,60 to 64 years,2,Hard to get/obtain,6494
976,4,Upper Class,2018,2,Female,13,60 to 64 years,3,Easy to get/obtain,5261
977,4,Upper Class,2018,2,Female,13,60 to 64 years,4,Very easy to get/obtain,514
978,4,Upper Class,2018,2,Female,13,60 to 64 years,5,No hard or easy get/obtain (spontaneous),659
979,4,Upper Class,2018,2,Female,14,65 to 69 years,1,Imposible get/obtain,728
980,4,Upper Class,2018,2,Female,14,65 to 69 years,2,Hard to get/obtain,3297
981,4,Upper Class,2018,2,Female,14,65 to 69 years,3,Easy to get/obtain,4357
982,4,Upper Class,2018,2,Female,14,65 to 69 years,5,No hard or easy get/obtain (spontaneous),2583
983,4,Upper Class,2018,2,Female,15,70 to 74 years,2,Hard to get/obtain,1155
984,4,Upper Class,2018,2,Female,15,70 to 74 years,3,Easy to get/obtain,1773
985,4,Upper Class,2018,2,Female,16,75 to 79 years,2,Hard to get/obtain,1155
986,4,Upper Class,2018,2,Female,16,75 to 79 years,5,No hard or easy get/obtain (spontaneous),577
987,4,Upper Class,2018,2,Female,17,80 or more years,2,Hard to get/obtain,382
988,4,Upper Class,2018,2,Female,17,80 or more years,3,Easy to get/obtain,1116
989,4,Upper Class,2018,2,Female,17,80 or more years,4,Very easy to get/obtain,301
990,4,Upper Class,2018,2,Female,17,80 or more years,5,No hard or easy get/obtain (spontaneous),1213
